time (IST),Process Params - BF2_BODY_BOTTOM DP,Process Params - BF2_BODY_TOP DP,Process Params - BF2_BODY_TOTAL DP,Process Params - BF2_BODY_ETACO,Process Params - BF2_BODY_PERMEABILITY,Process Params - BF2_BODY_RAFT,Process Params - charges_per_hour,Process Params - BF2 CO2 in BF Gas (%),Process Params - BF2 CO in BF Gas(%),Process Params - coal_rate_actual_value,Process Params - coal_rate_set_value,Process Params - coke_rate,Process Params - daily_steam_injection,Process Params - fuel_rate,Process Params - BF2 H2 in BF Gas (%),Process Params - hm_per_charge,Process Params - BF2_PROC Hot Blast Pressure,Process Params - BF2_PROC Hot Blast Temp,Process Params - BF2_PROC Hot Blast Volume,Process Params - HOT BLAST Volume Timer,Process Params - nut_coke_rate,Process Params - oxygen_enrichment_pct,Process Params - oxygen_flow,Process Params - production_per_hour,Process Params - TE_40532D Runner Temp CR side near to skimmer,Process Params - TE_40532B Runner Temp CR side near to Taphole,Process Params - TE_40532C Runner Temp PCI side near to skimmer,Process Params - TE_40532A Runner Temp PCI side near to Taphole,Process Params - specific_oxygen_actual,Process Params - steam_injection,Process Params - theoretical_production_per_day,Process Params - BF2_PROC Top Pressure 1,Process Params - BF2_PROC Top Pressure 2,Process Params - BF2_PROC Top Pressure 3,Process Params - BF2_PROC Top Pressure 4,Process Params - BF2_PROC Top Pressure Average,Process Params - BF2_PROC Top Temp 1,Process Params - BF2_PROC Top Temp 2,Process Params - BF2_PROC Top Temp 3,Process Params - BF2_PROC Top Temp 4,Process Params - BF2_PROC Top Temp Average,Process Params - total_oxygen,Process Params - BF2 TUYERE VELOCITY
2026-03-27 04:15:00+05:30,1.21644421875,0.323031959375,1.5394760625,42.955038125,1191.9114375,2307.68396875,7.0,18.407660625,24.4482425,148.41378125,160.0,300.0,0.0,530.0,3.4852430625,14.57,2.8381348125,1216.8285,110413.53125,65325300.0,70.0,4.19981315625,5719.39340625,101.99,602.29375,397.625,369.903125,241.61249999999998,266.168396875,0.0,2446.64,1.301567875,1.3011066875,1.29690209375,1.29871959375,1.29960121875,124.246875,123.0125,114.834375,124.82187499999999,121.7390625,23992.4096875,213.083246875
2026-03-27 04:30:00+05:30,1.2007329555555555,0.3026186188888889,1.5033515666666666,42.64820911111111,1221.5776,2274.537,7.0,18.124903555555555,24.37606111111111,150.72738777777778,160.0,300.0,0.0,530.0,3.580439866666667,14.57,2.8028066222222225,1181.1936777777778,110376.26555555555,65935300.0,70.0,4.218223444444444,5747.0217111111115,101.99000000000001,603.5811111111111,398.00777777777773,366.7111111111111,240.5077777777778,266.5672711111111,0.0,2446.864,1.3014371444444446,1.3008873222222221,1.2966723666666666,1.2986689222222223,1.2994043888888889,164.20111111111112,153.08,147.29444444444445,162.50111111111113,156.77166666666668,24965.656,210.50791555555557
2026-03-27 04:45:00+05:30,1.1906249555555555,0.2998987255555555,1.4905236444444445,42.52634511111111,1233.168122222222,2264.6636777777776,7.0,17.915606555555556,24.213927222222225,150.6246622222222,160.0,300.0,0.0,530.0,3.514660566666667,14.57,2.7889499222222223,1167.6398666666666,110016.63777777778,66835300.0,70.0,4.2494449,5791.191411111111,101.99000000000001,603.8,399.4555555555556,362.11777777777775,239.97111111111113,267.0063255555555,0.0,2446.92,1.300434,1.299922788888889,1.2955825666666667,1.2975115444444445,1.2983771444444445,148.76,140.6577777777778,153.31,153.38333333333333,149.03583333333333,26408.779444444444,209.2802711111111
2026-03-27 05:00:00+05:30,1.1821758277777779,0.2903694055555555,1.4725452777777779,42.551627555555555,1241.7024333333334,2292.219511111111,7.0,17.888310222222223,24.151910222222224,148.0548777777778,163.55555555555554,300.0,0.0,533.5555555555555,3.478041366666667,14.57,2.7709940444444445,1200.019288888889,108898.6588888889,67735300.0,70.0,4.232046144444444,5715.742611111112,101.99000000000001,604.9966666666667,400.5977777777778,365.2377777777778,242.1966666666667,264.1554588888889,0.0,2446.92,1.3008969333333333,1.3004146333333333,1.296113,1.2980902111111112,1.298864211111111,136.18,122.13000000000001,131.2288888888889,137.35333333333332,131.71972222222223,27843.957,212.71023888888888
2026-03-27 05:15:00+05:30,1.1887119555555556,0.2914882088888889,1.480200188888889,42.79686066666667,1210.568,2280.373722222222,7.0,17.975212444444445,24.031636444444445,151.47052222222223,165.0,300.0,0.0,535.0,3.5932998555555558,14.57,2.780398,1198.5227,107582.38111111111,68635300.0,70.0,4.276792377777777,5690.097522222222,101.99000000000001,608.0188888888889,401.54333333333335,358.75333333333333,242.57777777777778,260.7193222222222,0.0,2446.92,1.3015335111111113,1.3012152222222222,1.2968170888888888,1.2986689111111112,1.299565911111111,182.76777777777775,160.4311111111111,146.70666666666668,167.8311111111111,164.42472222222221,29270.156,209.27659888888888
2026-03-27 05:30:00+05:30,1.1965277333333333,0.28399400888888887,1.4805217444444445,42.65459255555555,1209.3954111111111,2290.7789222222223,7.0,18.073206,24.29571811111111,151.76575111111111,165.0,300.0,0.0,535.0,3.5456532555555555,14.57,2.778549188888889,1207.3053777777777,107521.81666666667,69535300.0,70.0,4.320057233333333,5740.706344444445,101.99000000000001,609.0777777777778,402.16,365.0288888888889,245.05555555555554,260.8780311111111,0.0,2447.0544,1.3000385,1.2996430333333333,1.2952449444444445,1.2971353555555556,1.2980130555555556,177.72333333333333,154.94333333333333,152.19444444444446,180.14888888888888,166.2625,30700.227222222224,210.77644888888886
2026-03-27 05:45:00+05:30,1.1954150322580643,0.26610100967741934,1.461516193548387,43.013811612903226,1226.1929677419355,2288.4049677419357,7.0,18.292170000000002,24.235270645161293,150.33845806451612,165.0,300.0,0.0,535.0,3.4946236129032258,14.57,2.7609299677419354,1197.0484516129031,107451.2193548387,70425689.23076923,70.0,4.316536064516129,5737.127258064516,101.99,609.5064516129032,402.5870967741936,365.7064516129032,245.59354838709677,260.9764193548387,0.0,2447.088,1.3016913548387097,1.301131258064516,1.2967070322580645,1.2986390645161292,1.299605064516129,170.6225806451613,149.041935483871,149.29032258064515,166.46451612903223,158.8491935483871,32105.73258064516,210.69000322580646
2026-03-27 06:00:00+05:30,1.1709367272727274,0.2532025878787879,1.4241393333333332,43.606873030303035,1270.9798181818182,2269.999212121212,7.0,18.490635151515153,23.91940303030303,152.90728484848486,166.36363636363637,300.0,0.0,536.3636363636364,3.486777484848485,14.57,2.724554515151515,1184.2820606060604,108352.00909090908,71330310.0,70.0,4.263023060606061,5721.195121212121,101.99,610.809090909091,403.3121212121212,365.78181818181815,246.06969696969696,262.6356242424242,0.0,2447.088,1.3012152121212122,1.3010047575757575,1.2964803939393938,1.2985584242424244,1.2992226666666666,132.9939393939394,124.60606060606061,120.45757575757575,130.1818181818182,127.04924242424242,33552.30545454546,212.53464242424243
2026-03-27 06:15:00+05:30,1.1984278000000002,0.28186484,1.4802927333333333,43.539622333333334,1214.2469333333333,2283.4697666666666,7.0,18.378183,23.833334333333333,152.41978,170.0,300.0,0.0,540.0,3.406057066666667,14.57,2.778694,1204.9309,107690.84666666666,72244166.15384616,70.0,4.272857599999999,5700.6924,101.99,611.0066666666667,404.14000000000004,360.44,245.20333333333335,261.29075,0.0,2447.088,1.3006943666666666,1.3002892333333333,1.2956596666666667,1.2978877,1.2987050666666666,141.92333333333332,137.92999999999998,126.8,137.4,136.01583333333332,34973.35966666667,210.89214666666666
2026-03-27 06:30:00+05:30,1.1901812333333333,0.2813150833333333,1.4714963333333333,43.496026,1220.3839666666668,2293.5922,7.0,18.220774333333335,23.675057666666664,148.28185,170.0,300.0,0.0,540.0,3.353780866666667,14.57,2.7702546,1202.2471333333333,107832.46666666666,73116748.57142857,70.0,4.2639108,5689.8795,101.99,609.6566666666666,404.44666666666666,365.15,246.96,261.2618366666667,0.0,2447.1776,1.301302,1.3010126666666666,1.2964988,1.2985532,1.2993127,165.83666666666667,142.48333333333332,148.52666666666667,155.29333333333335,153.04916666666668,36402.446,210.83215
2026-03-27 06:45:00+05:30,1.1764176333333334,0.30340714333333335,1.4798247666666666,43.25568066666666,1210.7215333333334,2255.8094666666666,7.0,18.163194333333333,23.826678333333334,156.87812666666665,168.0,300.0,0.0,538.0,3.377507666666667,14.57,2.7790316666666666,1186.7355,107253.76666666666,74021522.8,70.0,4.2924582,5708.705066666666,101.99,611.0699999999999,405.4433333333333,369.7633333333333,249.48333333333332,260.66238,0.0,2447.2,1.3013598333333334,1.3009547,1.2965856,1.2988714,1.2994862666666667,147.55333333333334,135.78,154.22,149.87333333333333,146.85750000000002,37827.829666666665,207.85374000000002
2026-03-27 07:00:00+05:30,1.0985195322580645,0.26588400322580646,1.3644035161290322,43.56742870967742,1247.3197741935485,2257.1852580645163,7.0,18.378976451612903,23.81132419354839,153.29266451612904,162.8709677419355,300.0,0.0,532.8709677419355,3.482862870967742,14.57,2.663297064516129,1193.340741935484,101383.25935483871,20596987.75862069,70.0,4.53732764516129,5689.631935483871,101.99,610.2645161290322,406.73870967741937,371.92903225806447,251.0677419354839,248.4173387096774,0.0,2447.2,1.300515193548387,1.300039129032258,1.295586935483871,1.297883,1.298443,171.68709677419355,159.79032258064515,189.79032258064515,196.20322580645163,179.36935483870968,39237.312258064514,202.88958387096775
2026-03-27 07:15:00+05:30,1.1241233529411765,0.26363357058823533,1.3877567941176472,42.719508235294114,1205.3625,2320.0807647058823,7.0,18.211039999999997,24.42095705882353,140.4946117647059,160.0,300.0,0.0,530.0,3.3832890294117646,14.57,2.6876104705882353,1216.6925588235295,100199.05735294118,17307.80769230769,70.0,4.660595970588235,5786.509823529412,101.99,606.3352941176471,407.6088235294117,370.61764705882354,252.43529411764703,247.16627941176472,0.0,2447.2,1.3013938823529412,1.3012151764705882,1.2964409705882354,1.2987897647058824,1.2994535294117648,204.44117647058823,206.08529411764704,198.7294117647059,210.73823529411766,204.99411764705883,40700.843235294116,202.24939999999998
2026-03-27 07:30:00+05:30,1.1492868387096775,0.27214240645161286,1.4214292258064516,42.54323741935484,1198.3170967741937,2308.570064516129,6.596774193548387,18.24484709677419,24.64213741935484,151.99808064516128,160.1290322580645,300.0,0.0,530.1290322580645,3.4473006129032258,14.57,2.7214007419354838,1214.7713225806451,102342.79096774194,96296.37037037036,70.0,4.532318129032258,5727.592,96.115,607.1032258064516,407.6741935483871,371.90967741935486,252.20322580645163,265.981735483871,0.0,2447.264516129032,1.3018872903225807,1.301551258064516,1.2969869677419354,1.2990310645161292,1.2998430967741936,174.96774193548387,164.76774193548388,164.94516129032257,183.21290322580646,171.9741935483871,42139.261935483875,203.75082580645162
2026-03-27 07:45:00+05:30,1.1442092322580644,0.2684671580645161,1.4126763225806451,42.388170967741935,1257.5267096774194,2304.913193548387,6.5,18.322974193548387,24.90507387096774,156.31291290322582,163.03225806451613,300.0,0.0,533.0322580645161,3.4883698387096773,14.626774193548387,2.7104800645161293,1210.1159032258065,105640.82903225807,842144.2857142857,70.0,4.368522903225806,5737.989032258065,95.07403225806452,608.8741935483871,408.80967741935484,366.53548387096777,250.91935483870967,277.2501774193548,0.0,2447.28,1.3002631612903226,1.2999831612903225,1.2953069032258064,1.2974349677419355,1.2982610967741934,163.6451612903226,165.42580645161289,157.64193548387095,167.93548387096774,163.66612903225806,43544.52354838709,211.7730806451613
2026-03-27 08:00:00+05:30,1.1882559032258064,0.2710223,1.4592782258064516,42.820910322580644,1224.275741935484,2275.8028387096774,6.5,18.18576451612903,24.28455451612903,164.1356612903226,168.06451612903226,300.0,0.0,538.0645161290323,3.6794354838709675,14.73,2.759249935483871,1202.7329032258065,107147.95806451613,1750005.5,70.0,4.2964357419354835,5698.442580645161,95.745,612.1483870967742,409.77741935483874,363.73225806451615,249.06451612903226,276.9424774193548,0.0,2447.28,1.301635258064516,1.3014112258064516,1.2966509677419353,1.2987230645161292,1.299591064516129,158.96129032258065,156.54516129032257,156.5193548387097,165.03225806451613,159.26209677419354,45010.987096774195,210.4776548387097
2026-03-27 08:15:00+05:30,1.2191935333333332,0.27704713999999997,1.4962407000000002,42.75131,1215.5950333333335,2327.1900333333333,6.5,18.285590666666668,24.482640333333332,152.1874,170.0,300.0,0.0,540.0,3.379919,14.73,2.7950905666666666,1213.8768333333333,109114.49,2642079.6896551726,70.0,4.274694800000001,5762.305566666667,95.74500000000002,612.0066666666667,410.1333333333333,363.30333333333334,248.48999999999998,281.60994666666664,0.0,2447.28,1.3009837333333332,1.3007233,1.2959201666666667,1.2983795666666667,1.2990523,165.50333333333336,160.76333333333332,169.56,165.13333333333333,165.23999999999998,46431.452000000005,214.09517666666667
2026-03-27 08:30:00+05:30,1.2043884666666667,0.29050201666666664,1.4948904666666667,42.77955,1217.3123,2277.4214333333334,6.5,18.286748,24.460359333333333,167.35934333333336,166.8,300.0,0.0,536.8,3.6006944,14.73,2.7939331666666667,1205.1166666666666,109476.84,3540013.214285714,70.0,4.283429833333333,5783.018133333333,95.74500000000002,610.2,409.82,368.52666666666664,249.59333333333333,282.04112333333336,0.0,2414.664,1.3007813000000001,1.3003183,1.2958333666666666,1.2979455999999998,1.2987268,170.11,165.07000000000002,168.41666666666666,169.54,168.30166666666668,47872.903333333335,212.97541
2026-03-27 08:45:00+05:30,1.1657310666666667,0.25886137666666664,1.4245924666666667,42.511872000000004,1287.7347,2280.7956333333336,6.5,18.07754633333333,24.446181000000003,162.45049666666668,166.46666666666667,300.0,0.0,536.4666666666667,3.5719521333333333,14.73,2.7239101,1191.3096333333333,109800.06666666667,4475574.296296297,70.0,4.273954766666666,5801.5111,95.74500000000002,609.7233333333334,409.64666666666665,369.42333333333335,249.50333333333336,283.2621766666667,0.0,2406.51,1.3014756666666665,1.3012731333333332,1.2964988333333334,1.2988425333333333,1.2995441666666667,177.19,159.14,168.30666666666667,186.44,172.78083333333333,49317.79833333333,216.05558333333332
2026-03-27 09:00:00+05:30,1.1970018064516128,0.27416554193548387,1.4711674193548387,42.14205774193549,1235.6253225806452,2296.0135806451613,6.5,17.860664838709678,24.523130322580645,170.1587064516129,170.38709677419354,300.0,0.0,540.3870967741935,3.712104225806452,14.736129032258065,2.7713372580645164,1245.7088064516129,109093.07096774194,5330737.107142857,70.0,4.298494612903226,5801.13664516129,95.78483870967742,611.483870967742,409.7129032258065,369.30967741935484,249.43870967741935,281.7023612903226,0.0,2406.51,1.3020554193548386,1.3019714193548386,1.297294935483871,1.2994510967741935,1.3002281612903226,194.42903225806452,183.91290322580645,185.9322580645161,196.59032258064516,190.20725806451614,50786.40064516129,218.56943870967743
2026-03-27 09:15:00+05:30,1.2203553225806452,0.23960433225806452,1.4599596774193548,41.83096322580646,1238.790870967742,2319.0693225806453,6.5,17.95083,24.9607964516129,165.47854193548386,172.2258064516129,295.64516129032256,0.0,537.8709677419355,3.6486334838709675,14.74,2.759296516129032,1255.8687741935485,108327.13870967741,6248598.678571428,70.0,4.3335099999999995,5810.443870967742,95.81,612.5,412.5387096774194,366.8774193548387,249.09032258064516,280.78932258064515,0.0,2406.51,1.3011872258064516,1.3010192258064515,1.2961749677419354,1.2988911612903224,1.2993321612903226,172.3709677419355,169.09032258064516,174.45483870967743,196.1258064516129,178.00564516129032,52207.39806451613,219.87106129032256
2026-03-27 09:30:00+05:30,1.2160010666666667,0.26467733666666665,1.4806784333333334,42.18662566666667,1220.4704333333332,2291.1884,6.9,17.995949,24.666377,161.23621333333332,173.0,295.0,0.0,538.0,3.6518133,14.74,2.7800925333333333,1236.1738333333333,108714.83,7152444.172413793,70.0,4.357937566666666,5844.624633333334,101.706,613.7099999999999,413.8,365.96,250.89333333333335,264.63237,0.0,2412.7156,1.300897,1.3006076666666668,1.2960648333333333,1.2984664,1.2989584,163.36,153.3,152.06,163.32999999999998,157.9975,53673.919,216.16122666666666
2026-03-27 09:45:00+05:30,1.2010994066666667,0.2620153233333333,1.4631148666666667,42.620401,1258.2812666666666,2271.0153999999998,7.0,18.235822,24.548322,158.07760333333331,174.6,295.0,0.0,539.6,3.5554590666666663,14.74,2.7618633333333333,1208.9818333333335,109609.39333333333,8043113.115384615,70.0,4.264168466666667,5792.7902,103.18,616.3933333333333,413.3933333333333,356.10999999999996,249.37,262.9450233333333,0.0,2414.267,1.3003183333333332,1.2999421333333332,1.2953992666666667,1.2976272,1.2982927,165.77666666666667,158.56,152.11,164.20666666666665,160.16583333333335,55129.27933333334,216.34118
2026-03-27 10:00:00+05:30,1.2295026451612903,0.27886980322580646,1.5083723870967742,43.05639548387097,1192.8719354838709,2272.823774193548,7.0,18.363855806451614,24.286233225806452,161.22061935483873,176.74193548387098,295.0,0.0,541.741935483871,3.5421334516129033,14.74,2.8074128709677417,1228.9169032258064,108037.93870967742,8924325.035714285,70.0,4.364368580645161,5836.316451612903,103.18,618.1516129032258,414.1225806451613,348.2354838709677,247.40322580645162,259.7685548387097,0.0,2414.2670000000003,1.3014952903225805,1.301075193548387,1.2966509677419353,1.2988630322580645,1.2995140322580645,161.50967741935486,148.73548387096776,146.76451612903224,168.22903225806454,156.31370967741935,56591.117419354836,212.13112903225806
2026-03-27 10:15:00+05:30,1.2108892,0.28032404,1.4912132333333334,43.438229,1195.5548000000001,2250.9894,7.0,18.483506666666667,24.067707666666667,168.57618333333332,175.06666666666666,295.0,0.0,540.0666666666667,3.5402199666666667,14.74,2.7897376,1228.3757666666668,107217.62333333334,9872183.714285715,70.0,4.4369213,5875.281099999999,103.18,619.0533333333333,414.48333333333335,346.39666666666665,246.56333333333333,258.33140333333336,0.0,2414.267,1.3012731666666668,1.3006944333333335,1.2963541333333335,1.2981770666666668,1.2991681,180.62666666666667,159.42333333333332,157.04,173.98333333333332,167.77083333333334,58051.70166666667,211.2322333333333
2026-03-27 10:30:00+05:30,1.2078703333333334,0.27582463333333335,1.4836948666666667,43.35273333333334,1206.6711,2258.8615666666665,7.8,18.50810166666667,24.182003,149.9600166666667,177.8,295.0,0.0,542.8,3.464216733333333,14.74,2.7866029666666665,1228.2406333333333,107360.01333333334,10748617.857142856,70.0,4.4282243333333335,5882.437966666666,114.972,618.9833333333333,415.0,345.96666666666664,246.10333333333335,233.17088999999999,0.0,2447.5317999999997,1.3049769,1.3045428666666665,1.3003181666666668,1.3019675666666666,1.3029441333333334,152.98999999999998,136.15666666666667,128.42333333333332,150.82666666666668,142.08416666666665,59526.162,212.59330666666668
2026-03-27 10:45:00+05:30,1.1451052645161288,0.26087167096774194,1.4059768387096774,43.66603806451613,1261.1859677419354,2216.7737096774194,8.0,18.375055483870966,23.70547806451613,152.8227064516129,179.90322580645162,295.0,0.0,544.9032258064516,3.643779838709677,14.73483870967742,2.726581064516129,1208.5479677419355,105940.81612903225,11665764.285714285,70.0,4.453748548387097,5851.171451612903,117.87870967741937,618.6935483870968,415.39032258064515,342.3774193548387,244.96451612903223,224.0840129032258,0.0,2455.848,1.3213487096774192,1.3205367096774194,1.3165321290322582,1.3183524193548386,1.3192135161290324,125.82903225806453,116.26774193548388,111.40322580645162,110.98387096774194,116.11693580645162,61001.21064516129,211.12089032258064
2026-03-27 11:00:00+05:30,1.16712775,0.285909040625,1.4530368125,43.31041,1201.02996875,2160.6354687499997,8.0,18.144533125,23.7516278125,168.808575,182.90625,295.0,0.0,547.90625,3.93039278125,14.7,2.7786366875,1210.5939375,104641.25625,12555052.857142856,70.0,4.55341278125,5900.23678125,117.6,619.4875,416.003125,340.371875,244.28125,222.70375,0.0,2455.848,1.327446875,1.32676865625,1.322808125,1.32443571875,1.325330875,131.396875,120.9375,113.4625,115.596875,120.3539059375,62485.989375,205.85062812500001
2026-03-27 11:15:00+05:30,1.1721736129032256,0.29168069032258065,1.4638542903225806,42.76229870967742,1217.408677419355,2226.0828387096776,8.0,17.78449806451613,23.808804516129033,151.58557741935485,178.74193548387098,295.0,0.0,543.741935483871,3.7354390322580646,14.7,2.7932720967741935,1205.7384516129032,107008.9870967742,13426726.666666666,70.0,4.467262451612903,5914.9852580645165,117.6,618.9387096774193,416.6967741935484,344.2032258064516,245.2064516129032,226.7955,0.0,2455.848,1.331709129032258,1.3308410967741935,1.3272289677419356,1.3285450322580645,1.3295600645161292,163.6483870967742,143.94193548387096,141.93870967741935,137.65483870967742,146.80806451612904,63940.04516129032,208.78073548387096
2026-03-27 11:30:00+05:30,1.1611054375,0.28893365,1.4500392500000001,42.372768125,1255.35584375,2212.32515625,7.1875,17.5154625,23.818088125,171.798053125,175.6875,295.0,0.0,540.6875,3.67232709375,14.7,2.78198240625,1191.68421875,109007.25625,14356611.72413793,70.0,4.3755320625,5902.72584375,105.65625,620.70625,416.89375,344.203125,246.146875,257.09991875000003,0.0,2456.863625,1.3345539687499999,1.33395721875,1.33015959375,1.331543,1.33256021875,179.45625,165.353125,151.759375,155.046875,162.88828125,65444.043125000004,211.64095
2026-03-27 11:45:00+05:30,1.1972444838709677,0.2853172806451613,1.4825618387096775,42.314639354838704,1236.1824193548387,2267.401,7.0,17.43867677419355,23.77800193548387,162.68264838709675,175.0,295.0,0.0,540.0,3.652647129032258,14.7,2.830981064516129,1211.602548387097,109528.47419354839,15230060.0,70.0,4.352190709677419,5906.450838709678,102.9,619.925806451613,417.31935483870967,341.5774193548387,246.4516129032258,264.73432258064514,0.0,2457.098,1.3508624838709677,1.3499663225806453,1.3463820322580644,1.3476701612903226,1.3487622903225807,221.21612903225807,194.59032258064516,191.73870967741934,205.66451612903228,203.34596774193548,66881.97225806452,212.91770322580646
2026-03-27 12:00:00+05:30,1.170876129032258,0.28655636451612904,1.4574325806451613,41.86554129032258,1254.2635483870968,2258.6396451612904,7.0,17.27178612903226,23.983254838709676,166.37800967741933,176.48387096774192,295.0,0.0,541.483870967742,3.6184849677419355,14.7,2.8053127741935486,1213.8077419354838,109689.7064516129,16152927.142857144,70.0,4.381889516129032,5945.710774193548,102.9,619.7064516129033,417.53225806451616,350.19354838709677,246.83548387096772,264.7931645161291,0.0,2457.098,1.3500504516129033,1.3491262903225807,1.345486064516129,1.3466621290322582,1.3478592903225808,200.9225806451613,183.17419354838708,184.6225806451613,189.15806451612903,189.45,68390.8070967742,214.12077419354839
2026-03-27 12:10:00+05:30,1.1564478947368422,0.2922491842105263,1.448697052631579,42.18818684210527,1265.407105263158,2250.52,7.0,17.381212105263156,23.81761789473684,166.6922,175.0,295.0,0.0,540.0,3.648422263157895,14.700000000000001,2.797804,1204.0310526315789,109912.0052631579,16866320.0,70.0,4.370769947368421,5937.959105263158,102.9,620.3526315789474,417.92105263157896,346.0263157894737,245.6,265.0664052631579,0.0,2457.098,1.351653842105263,1.350420157894737,1.346948,1.3480444210526314,1.3492208421052632,210.57368421052632,186.91052631578947,205.95263157894738,216.03157894736844,204.8723684210526,69576.72105263158,213.89807894736842
