time,GEOMIN TYPE,ACTUALKG/THM.,BELLY - 15162_TEMP. OCAT-07DEG. OC,BELLY - 15162_TEMP. OC.1BT-12DEG. OC,BELLY - 15162_TEMP. OC.2CT-17DEG. OC,BELLY - 15162_TEMP. OC.3DT-03DEG. OC,FURNACETOPGASANALYSISCO2ETACO,BOSH - 12975_TEMP. OCAT-07DEG. OC,BOSH - 12975_TEMP. OC.1BT-12DEG. OC,BOSH - 12975_TEMP. OC.2CT-17DEG. OC,BOSH - 12975_TEMP. OC.3DT-03DEG. OC,BOTTOMBAR,CHARGES/HRS.,COKE_ASH%,COKE_FC%,COKE_IM%,COKE_MOIST%,COKE_CALC_MT,COKE RATE KG/THM,COKE_VM%,DIFFERENTIAL PRESSURETOTALBAR,FLUX_AL2O3%,FLUX_CAO%,FLUX_FE2O3%,FLUX_LOI%,FLUX_MGO%,FLUX_CALC_MT,FLUX_SIO2%,FLUX_TM%,FURNACE TOP GAS_UPTAKE TEMP. OC.4AVG.DEG. OC,FURNACE TOP GAS_UPTAKE TEMP. OC.1BT-12DEG. OC,FURNACE TOP GAS_UPTAKE TEMP. OCAT-16DEG. OC,FURNACE TOP GAS_UPTAKE TEMP. OC.2CT-08DEG. OC,FURNACE TOP GAS_UPTAKE TEMP. OC.3DT-04DEG. OC,ACT. FUEL RATEKG/THM.,FURNACE TOP GAS ANALYSISCO2%,FURNACE TOP GAS ANALYSISONLINE (ANALYZER)CO%,FURNACE TOP GAS ANALYSISH2%,HEARTH PAD CENTER_TEMP. OCA4.3 MTR.DEG. OC,HEARTH PAD CENTER_TEMP. OC.1B5.4 MTR.DEG. OC,HEARTH PAD CENTER_TEMP. OC.2C5.7 MTR.DEG. OC,HEARTH PAD CENTER_TEMP. OC.3D6.1 MTR.DEG. OC,HOT BLAST PRESSUREBAR,HOT BLAST TEMP.OC,HOT BLAST VOLUMENM3/HR.,LLOYDS_PELLET_PCT_CAO,TOTAL_PELLET_CALC_MT,LLOYDS_PELLET_PCT_AL2O3,LLOYDS_PELLET_PCT_FE2O3,LLOYDS_PELLET_PCT_K2O,LLOYDS_PELLET_PCT_LOI,LLOYDS_PELLET_PCT_MGO,LLOYDS_PELLET_PCT_MNO,LLOYDS_PELLET_PCT_NA2O,LLOYDS_PELLET_PCT_P,LLOYDS_PELLET_PCT_SIO2,LLOYDS_PELLET_PCT_TIO2,LLOYDS_PELLET_PCT_TM,LOWER STACK - 18660_TEMP. OCAT-07DEG. OC,LOWER STACK - 18660_TEMP. OC.1BT-12DEG. OC,LOWER STACK - 18660_TEMP. OC.2CT-17DEG. OC,LOWER STACK - 18660_TEMP. OC.3DT-03DEG. OC,NUTCOKE_ASH%,NUTCOKE_FC%,NUTCOKE_IM%,NUTCOKE_MOIST%,NUTCOKE_CALC_MT,NUTCOKE_VM%,O2 ENRICHMENT %,ORE_AL2O3%,ORE_CAO%,ORE_FE(T)%,ORE_K2O%,ORE_LOI%,ORE_MGO%,ORE_MNO%,ORE_CALC_MT,ORE_NA2O%,ORE_P%,ORE_SIO2%,ORE_TIO2%,ORE_TM%,OXYGENFLOWNM3/HR.,PCI_2_ASH%,PCI_2_FC%,PCI_2_IM%,PCI_2_CALC_MT,PCI_2_VM%,PERMEABILITYKGS/HR.,PRODUCTIONTONNESPERHR,RAFTOC,SINTER_SP_02_AL2O3%,SINTER_SP_02_CAO%,SINTER_SP_02_COLD_STRENGTH_AI,SINTER_SP_02_COLD_STRENGTH_TI,SINTER_SP_02_FE(T)%,SINTER_SP_02_FEO%,SINTER_SP_02_HOT_STRENGTH_RDI,SINTER_SP_02_HOT_STRENGTH_RI,SINTER_SP_02_K2O%,SINTER_SP_02_MGO%,SINTER_SP_02_MNO%,SINTER_CALC_MT,SINTER_SP_02_NA2O%,SINTER_SP_02_P%,SINTER_SP_02_SIO2%,SINTER_SP_02_BASICITY,SINTER_SP_02_TIO2%,STEAMKGS/HR.,STOCKRODLEVEL,TOPBAR,TOPPRESSUREBAR,TOTAL HEAT LOAD,TOTAL OXYGENNM3/HR.,TUYEREVELOCITYM/S,CHEM_PCT_C,CHEM_PCT_CR,CHEM_PCT_FE,CHEM_PCT_MN,CHEM_PCT_P,CHEM_PCT_S,CHEM_PCT_SI,CHEM_PCT_TI,HMT_GT_1480C,SLAG_BASICITY,SLAG_PCT_AL2O3,SLAG_PCT_CAO,SLAG_PCT_FEO,SLAG_PCT_K2O,SLAG_PCT_MGO,SLAG_PCT_MNO,SLAG_PCT_NA2O,SLAG_PCT_S,SLAG_PCT_SIO2,SLAG_PCT_TIO2,SLAG_T_BASICITY,COKE_CHARGE_PATTERN,COKE_DISCHARGE_TIME,NON_COKE_CHARGE_PATTERN,NON_COKE_DISCHARGE_TIME,TOTAL_COKE_PORTIONS,TOTAL_NON_COKE_PORTIONS,WEIGHTED_COKE_ANGLE,WEIGHTED_NON_COKE_ANGLE
2025-10-01 00:00:00,1.0,105.34424538888901,72.4772222222222,65.45500000000008,80.28694444444439,156.96472222222232,38.81974755555558,118.84777777777757,-9.102222222222222,94.68583333333322,87.24694444444448,0.9023259797222211,,11.423056787064807,87.61437345155822,0.4977092841309167,4.522323640631114,30.676,420.0,0.9625697613769721,1.196016908333333,0.0,0.0,0.0,0.0,0.0,0.0,0.0,0.0,257.9295833333333,262.7283333333334,245.7472222222221,264.9925,258.25027777777774,563.7083333333334,16.046320277777806,25.290364694444463,3.713388919444447,67.28944444444424,401.6622222222221,519.0277777777786,682.4877777777763,2.4951854749999995,1130.377777777777,94951.1891111111,,,,,,,,,,,,,,50.60361111111128,55.585277777777726,39.753055555555605,46.742222222222296,11.19,87.79,0.51,7.8,1.927,1.02,3.017645374999999,3.923158774705918,0.03657968591389503,56.40273183256703,0.01666289484683824,3.959290619215382,0.03348122051710754,0.08298829641129754,33.494,0.01338842777810951,0.06368878008001434,10.685517406102585,0.3427643458529886,4.186343822774228,3494.544744444444,8.28,68.9,1.58,7.730160726636693,21.24,1324.5068138888892,73.38000000000017,2352.767213888889,2.0,10.21,4.911111111111111,81.04222222222222,55.56,9.03,29.32,65.71,0.068,2.07,0.22,74.589,0.032,0.048,5.21,1.959692898272553,0.12,0.0,1.4199363388888888,0.2936909302777777,1.299134391666667,6.912950576388888,91180.99977777775,192.24365638888878,3.840470588235294,0.007729411764705882,93.30041176470588,0.6432941176470588,0.11416470588235295,0.018376470588235293,1.9667058823529413,0.10884705882352942,1513.3294117647058,1.0405872073964184,18.376941176470588,36.582,0.24082352941176471,0.49376470588235294,7.627058823529412,0.3908235294117647,0.1708235294117647,0.25458823529411767,35.157411764705884,0.6181176470588235,1.2575437354664558,PTOC,97.5,PTOC,60.0,21.0,8.0,26.904761904761905,26.5
2025-10-01 01:00:00,1.0,108.56622797222226,79.52388888888902,64.75555555555546,78.95611111111103,194.99833333333328,36.92084647222225,123.193611111111,0.0,93.37222222222216,86.40138888888931,0.9147938688888887,,11.384976458080196,87.65262454434995,0.4971969927095991,4.46767922235723,26.336,420.0,0.9623989975698664,1.2113831027777775,0.64,0.0,0.87,1.28,0.0,2.275,96.1,0.3,282.6788888888889,302.23472222222193,248.98861111111125,299.3827777777778,280.10944444444465,564.4027777777778,15.309172916666636,26.16141044444447,4.000980599999999,67.1436111111111,401.72222222222103,519.0291666666681,682.4272222222197,2.5109310138888867,1137.2641666666675,95039.02611111118,,,,,,,,,,,,,,50.285000000000124,55.42972222222201,40.061666666666596,46.06499999999993,11.19,87.79,0.51,7.8,1.443,1.02,3.0167857000000016,3.8866307903344945,0.0364584432485667,56.53194717034224,0.016751644331891247,3.9319418944110307,0.03298230804403644,0.08297738384158136,28.430999999999997,0.013230206464774366,0.0637069044352995,10.56993774401182,0.33719658119658125,4.174358974358975,3499.452283333333,8.28,68.9,1.58,7.966589808601688,21.24,1309.9616972222234,73.38000000000017,2350.8784888888886,2.0,10.21,4.911111111111111,81.04222222222222,55.56,9.03,29.32,65.71,0.068,2.07,0.22,61.954,0.032,0.048,5.21,1.959692898272553,0.12,0.0,1.5311680555555554,0.2965892494444445,1.2993664611111106,6.9006041694444455,39847.680986333355,192.5992472222222,3.7628235294117647,0.007376470588235294,93.0674705882353,0.699764705882353,0.11698823529411764,0.016258823529411763,2.210235294117647,0.11908235294117647,1518.9764705882353,1.0491740425271838,18.28164705882353,36.702,0.2549411764705882,0.47258823529411764,7.66235294117647,0.40494117647058825,0.18494117647058825,0.2475294117647059,34.98447058823529,0.6287058823529412,1.2682150091840219,PTOC,97.5,PTOC,60.0,21.0,8.0,26.904761904761905,26.5
2025-10-01 02:00:00,1.0,57.190172500000116,86.60166666666667,64.00916666666652,77.9991666666668,189.51500000000001,37.91581258333335,125.22000000000017,0.0,91.3472222222223,85.95722222222261,0.8719947161111115,,11.426359032231426,87.61105639811731,0.497753708953786,4.527062288403843,36.331,420.0,0.9625845696512619,1.1579677669444433,0.0,0.0,0.0,0.0,0.0,0.0,0.0,0.0,267.87263888888884,281.2461111111112,252.60361111111087,271.0494444444443,266.591388888889,515.3055555555555,15.657238888888891,25.651283361111105,3.326895269444446,67.14583333333319,401.781111111111,519.0911111111136,682.5561111111149,2.457216047222222,1114.8558333333328,94701.84252777784,,,,,,,,,,,,,,49.98444444444433,55.55833333333321,40.3922222222222,45.07055555555557,11.19,87.79,0.51,7.8,1.676,1.02,1.8074533472222216,3.846327449354341,0.03632448761995024,56.67240966710105,0.016848329581803104,3.9015679421869445,0.03244135765904514,0.08295847648382891,33.764,0.013058820045018361,0.06371357066698259,10.44566076294278,0.33106041938158987,4.161014690202583,2070.3752305555568,8.28,68.9,1.58,3.888668814068079,21.24,1367.270647222223,67.99540277777744,2388.2137138888897,2.0,10.21,4.911111111111111,81.04222222222222,55.56,9.03,29.32,65.71,0.068,2.07,0.22,73.647,0.032,0.048,5.21,1.959692898272553,0.12,0.0,1.5521653250000007,0.28597304722222205,1.299330899999999,7.203388911805558,3300.9191333333342,191.73552749999985,3.6851764705882353,0.007023529411764706,92.8345294117647,0.7562352941176471,0.11981176470588235,0.014141176470588235,2.453764705882353,0.12931764705882354,1524.6235294117646,1.057760877657949,18.18635294117647,36.821999999999996,0.2690588235294118,0.45141176470588235,7.69764705882353,0.41905882352941176,0.1990588235294118,0.2404705882352941,34.8115294117647,0.6392941176470588,1.2788862829015877,PTOC,97.5,PTOC,60.0,21.0,8.0,26.904761904761905,26.5
2025-10-01 03:00:00,1.0,9.148661000000006,90.1452777777777,63.86916666666672,76.98833333333327,133.74999999999997,39.874439638888944,117.75222222222204,0.0,91.71305555555557,85.04861111111092,0.8359294119444443,,11.428134571655571,87.60927289663297,0.4977775951343799,4.529610147667188,36.501,516.4166666666666,0.9625925317114601,1.1270390624999997,0.64,0.0,0.87,1.28,0.0,0.624,96.1,0.3,233.6967361111111,234.24499999999986,223.53999999999994,233.55944444444452,243.44250000000014,553.1527777777778,15.687596833333323,23.655936694444446,2.6911892583333334,66.91333333333334,401.8622222222214,519.0869444444467,682.7122222222214,2.426090605555553,1086.4419444444447,95801.3263333333,,,,,,,,,,,,,,49.73972222222223,55.543611111111325,40.237500000000104,46.2124999999999,11.19,87.79,0.51,7.8,0.013,1.02,0.4346822869166666,3.860213123948401,0.03638125506325169,56.74703246712781,0.01688720633140151,3.9236224839533866,0.0320717268025176,0.0833657381442014,32.094,0.012931825263289086,0.06448928148563594,10.298901663862404,0.3327624789680314,4.1726584408300615,462.8000727222218,8.28,68.9,1.58,0.7139083913803042,21.24,1419.1574555555553,78.03419444444424,2377.4288055555558,2.0,10.21,4.911111111111111,81.04222222222222,55.56,9.03,29.32,65.71,0.068,2.07,0.22,72.122,0.032,0.048,5.21,1.959692898272553,0.12,0.0,1.4679904444444436,0.2911096416666667,1.2990071583333336,7.327322372222222,4459.882313888887,191.6920361111112,3.8153333333333337,0.007,93.13493333333334,0.732,0.11486666666666666,0.017266666666666666,2.064,0.11460000000000001,1508.6666666666667,1.0465689447299955,18.413333333333334,36.526666666666664,0.27,0.44066666666666665,7.578666666666667,0.49,0.2,0.24326666666666666,34.90266666666667,0.668,1.2637199542242967,PTOC,97.5,PTOC,60.0,21.0,8.0,26.904761904761905,26.5
2025-10-01 04:00:00,1.0,0.0,78.3830555555556,63.160555555555476,76.3833333333334,113.80222222222218,38.0319615,108.47222222222223,0.0,92.20083333333326,83.90361111111118,0.769986947777778,,11.434128433717474,87.60325215626585,0.49785823005001095,4.538211205334494,41.391,550.0,0.9626194100166702,1.0502097163888886,0.64,0.0,0.8700000000000001,1.28,0.0,0.597,96.1,0.3,271.1547222222221,281.37694444444435,247.21472222222224,269.57583333333326,286.45138888888874,575.0,14.871479083333364,24.233772388888863,4.007651694444445,66.94583333333351,401.8827777777758,519.1916666666687,683.0297222222254,2.3491712694444447,1047.0099999999995,96570.14461111114,,,,,,,,,,,,,,49.6386111111112,55.59805555555553,41.34666666666662,46.350277777777734,11.19,87.79,0.51,7.8,0.0,1.02,0.09123329125,3.8610387532401034,0.036379084130692185,56.68719927037665,0.016851803257704245,3.918878684117892,0.0323402348875164,0.08318058177861691,31.249000000000002,0.013021472687125987,0.06412893212582803,10.38922013504432,0.3330789465262889,4.169669429421742,57.91599680555562,8.28,68.9,1.58,0.0,21.24,1537.5735694444447,72.74873611111111,2187.472499999999,2.0,10.21,4.911111111111111,81.04222222222222,55.56,9.03,29.32,65.71,0.068,2.07,0.22,71.927,0.032,0.048,5.21,1.959692898272553,0.12,0.0,1.4885657555555556,0.28022276555555564,1.299019830555556,7.540995872222222,4588.352383333333,192.06492111111132,3.9603333333333337,0.007,93.47343333333333,0.702,0.10936666666666667,0.02076666666666667,1.629,0.09809999999999999,1491.1666666666667,1.0339642426549907,18.663333333333334,36.20166666666667,0.27,0.43066666666666664,7.448666666666667,0.565,0.2,0.24676666666666666,35.01266666666667,0.698,1.2467080825188015,PTOC,97.5,PTOC,60.0,21.0,8.0,26.904761904761905,26.5
2025-10-01 05:00:00,1.0,0.0,73.08999999999999,62.91055555555563,74.39444444444456,117.67583333333317,37.634174777777766,126.03666666666656,0.0,87.77666666666657,82.13638888888919,0.720634779166667,,11.389873686907507,87.64770535485523,0.4972628747117601,4.474706635921087,39.03,550.0,0.9624209582372533,0.9995843941666663,0.6399999999999999,0.0,0.87,1.2799999999999998,0.0,0.809,96.1,0.3,264.5552083333333,275.576388888889,247.80944444444447,260.26388888888897,274.571111111111,575.0,14.873915527777775,24.651548583333316,4.343291863888881,66.79222222222197,401.90861111111,519.2583333333306,683.4161111111108,2.2988601722222213,1050.3441666666663,95658.57255555563,,,,,,,,,,,,,,49.42472222222216,55.21611111111117,41.224999999999994,46.97472222222222,11.19,87.79,0.51,7.8,0.0,1.02,0.0673485974722222,3.9233539447699823,0.036590695716921876,56.52211628735148,0.016732882255819224,3.970749457735763,0.03294117647058823,0.08337952021755317,30.889000000000003,0.013207679109067953,0.06444808831622907,10.501091650749457,0.3423919194535271,4.19328563566318,29.01604561111111,8.28,68.9,1.58,0.0,21.24,1597.36318888889,60.479999999999656,2165.744594444443,2.0,10.21,4.911111111111111,81.04222222222222,55.56,9.03,29.32,65.71,0.068,2.07,0.22,71.84,0.032,0.048,5.21,1.959692898272553,0.12,0.0,1.4642939861111108,0.27894960305555544,1.2993308805555552,7.5199031951388875,4632.510269444446,193.4265738888888,3.954727272727273,0.007,93.5576,0.6694545454545454,0.11154545454545454,0.02761818181818182,1.5796363636363637,0.09241818181818182,1493.5636363636363,0.9736783804628436,18.150545454545455,35.27381818181818,0.27,0.44527272727272726,7.4043636363636365,0.6565454545454545,0.2050909090909091,0.27907272727272725,36.30290909090909,0.750909090909091,1.1779187543393825,PTOC,97.5,PTOC,60.0,21.0,8.0,26.904761904761905,26.5
2025-10-01 06:00:00,1.0,0.0,72.42066115702481,62.08223140495881,72.36818181818184,114.65000000000009,38.99237599173554,112.65495867768593,0.0,85.33719008264461,79.56280991735537,0.6953280185950413,,11.386399373893408,87.65119524774832,0.4972161350747991,4.469721074645249,38.971000000000004,550.0,0.9624053783582662,0.9886392785123965,0.64,0.0,0.87,1.28,0.0,0.825,96.09999999999998,0.3,256.52582644628103,262.93223140495866,246.99710743801663,255.3227272727273,260.85123966942143,575.0,15.44450301652893,24.164155785123967,3.8547405578512417,66.73388429752056,401.9388429752073,519.310743801654,683.7896694214875,2.2735701528925607,1050.6173553719004,96245.68388429753,,,,,,,,,,,,,,49.18057851239663,54.57190082644626,41.884297520661185,47.49256198347115,11.19,87.79,0.51,7.8,0.038,1.02,0.19368715508264456,3.941587111775452,0.03665670154459391,56.52119880418535,0.01672589270885235,3.990390964955987,0.03290284005979073,0.08359209433648895,30.105,0.013190499916957317,0.06484115595416043,10.460801195814648,0.34495814648729445,4.202909815645241,189.73459818181814,8.28,68.9,1.58,0.0,21.24,1622.6804173553708,64.62446280991756,2232.425871900827,2.0,10.21,4.911111111111111,81.04222222222222,55.56,9.03,29.32,65.71,0.068,2.07,0.22,72.255,0.032,0.048,5.21,1.959692898272553,0.12,0.0,1.4264412520661156,0.2933112615702477,1.2851544549586777,6.775664164256197,4698.244834710744,195.93766198347106,3.9403614457831324,0.007,93.61706506024098,0.640144578313253,0.1140144578313253,0.03400722891566265,1.5594216867469881,0.0879855421686747,1496.667469879518,0.9165906737790984,17.636024096385544,34.4073734939759,0.26949397590361446,0.4605060240963856,7.369349397590361,0.7396385542168674,0.2099277108433735,0.3100722891566265,37.53848192771084,0.7998554216867471,1.1129051502873517,PTOC,97.5,PTOC,60.0,21.0,8.0,26.904761904761905,26.5
2025-10-01 07:00:00,0.0,0.0,66.3092050209205,59.35648535564853,67.24184100418415,77.55397489539745,41.419383221757315,75.11422594142256,0.0,68.15564853556488,76.56317991631794,-0.7251217589958173,,0.0,0.0,0.0,0.0,0.0,550.0,0.0,0.07921430560669361,0.0,0.0,0.0,0.0,0.0,0.0,0.0,0.0,258.4391213389122,255.4338912133892,228.55355648535556,282.0732217573222,267.69581589958165,575.0,14.985944439330543,21.15520418410042,3.0819120041840997,66.44435146443509,401.8066945606685,520.2464435146435,685.3121338912138,0.1648215882426795,1092.5380753138068,6372.997390376562,0.0,,0.0,0.0,0.0,0.0,0.0,0.0,0.0,0.0,0.0,0.0,0.0,48.51213389121338,52.725523012552244,41.04937238493726,44.75523012552299,0.0,0.0,0.0,0.0,0.0,0.0,18.943191332217587,0.0,0.0,0.0,0.0,0.0,0.0,0.0,0.0,0.0,0.0,0.0,0.0,0.0,93.57756066945603,0.0,0.0,0.0,0.0,0.0,828.0873129707111,60.775230125522704,4195.555748953972,0.0,0.0,4.911111111111111,81.04222222222222,0.0,0.0,29.32,65.71,0.0,0.0,0.0,0.0,0.0,0.0,0.0,0.0,0.0,0.0,2.1659075815899578,0.8043360464435173,0.08591025958995913,4.1673552311715465,5073.515786610881,24.311658435146462,3.943975903614458,0.007,93.61771566265061,0.6415903614457832,0.11415903614457831,0.03407951807228916,1.5536385542168676,0.08784096385542169,1493.3421686746988,0.9189385410319904,17.596265060240963,34.48110843373494,0.2644337349397591,0.46556626506024096,7.362843373493976,0.7360240963855421,0.20920481927710843,0.3107951807228916,37.523301204819276,0.7984096385542169,1.1151585711150518,PTOC,97.5,PTOC,60.0,21.0,8.0,26.904761904761905,26.5
2025-10-01 08:00:00,0.0,0.0,52.32916666666666,56.26555555555555,64.59361111111116,61.91138888888891,42.81985869444442,60.037222222222184,0.0,64.78527777777775,73.68777777777777,-0.32154303130555445,,0.0,0.0,0.0,0.0,0.0,550.0,0.0,0.01184152577222223,0.0,0.0,0.0,0.0,0.0,0.0,0.0,0.0,283.9836805555554,244.8594444444441,243.26027777777756,333.43111111111125,314.38388888888875,575.0,9.323350694444448,12.606457500000008,1.8959297944444462,65.83750000000008,402.0191666666684,521.2788888888903,686.1511111111095,0.014624322333333377,1040.0561111111106,514.4554744444447,0.0,,0.0,0.0,0.0,0.0,0.0,0.0,0.0,0.0,0.0,0.0,0.0,46.24111111111107,50.05972222222229,39.287499999999966,43.45083333333325,0.0,0.0,0.0,0.0,0.0,0.0,27.99191397222223,0.0,0.0,0.0,0.0,0.0,0.0,0.0,0.0,0.0,0.0,0.0,0.0,0.0,110.45648500000004,0.0,0.0,0.0,0.0,0.0,732.7516272222227,7.224000000000001,5117.31277777778,0.0,0.0,4.911111111111111,81.04222222222222,0.0,0.0,29.32,65.71,0.0,0.0,0.0,0.0,0.0,0.0,0.0,0.0,0.0,0.0,1.9358723500000008,0.33338455325000116,0.002747034363888882,2.2481372861111115,5151.756105555555,3.3266916444444448,3.947590361445783,0.007,93.61836626506025,0.6430361445783133,0.11430361445783133,0.034151807228915664,1.547855421686747,0.08769638554216867,1490.0168674698796,0.9212864082848823,17.556506024096386,34.55484337349397,0.25937349397590365,0.4706265060240964,7.356337349397591,0.7324096385542168,0.20848192771084337,0.3115180722891566,37.50812048192771,0.7969638554216868,1.1174119919427519,PTOC,97.5,PTOC,60.0,21.0,8.0,26.904761904761905,26.5
2025-10-01 09:00:00,0.0,0.0,47.52444444444446,53.30555555555561,61.27888888888876,56.12555555555551,42.81954330555558,55.23805555555561,0.0,61.85805555555543,70.00805555555549,0.00028935069999999933,,0.0,0.0,0.0,0.0,0.0,550.0,0.0,0.012448155861111114,0.0,0.0,0.0,0.0,0.0,0.0,0.0,0.0,272.24770833333326,245.14666666666668,233.01833333333332,320.2844444444443,290.5413888888888,575.0,3.3819685666666652,4.495081066666663,1.0577899899999972,64.29944444444449,402.5050000000008,522.1441666666656,686.6122222222227,0.01591435000000006,1019.7622222222222,523.2523661111119,0.0,,0.0,0.0,0.0,0.0,0.0,0.0,0.0,0.0,0.0,0.0,0.0,44.40472222222228,48.224444444444394,37.86722222222226,42.868888888888804,0.0,0.0,0.0,0.0,0.0,0.0,30.679108999999976,0.0,0.0,0.0,0.0,0.0,0.0,0.0,0.0,0.0,0.0,0.0,0.0,0.0,131.58461944444437,0.0,0.0,0.0,0.0,0.0,662.2736881944443,0.0,5478.024533333334,0.0,0.0,4.911111111111111,81.04222222222222,0.0,0.0,29.32,65.71,0.0,0.0,0.0,0.0,0.0,0.0,0.0,0.0,0.0,0.0,0.4840543305555558,0.012158805999999956,0.002859761063888875,1.3837805499236115,5280.407702777778,3.3237238472222246,3.9512048192771085,0.007,93.61901686746988,0.6444819277108433,0.11444819277108434,0.03422409638554217,1.5420722891566265,0.08755180722891566,1486.6915662650601,0.9236342755377742,17.51674698795181,34.62857831325301,0.2543132530120482,0.4756867469879518,7.349831325301205,0.7287951807228915,0.2077590361445783,0.31224096385542166,37.49293975903614,0.7955180722891567,1.1196654127704522,PTOC,97.5,PTOC,60.0,21.0,8.0,26.904761904761905,26.5
2025-10-01 10:00:00,0.0,0.0,45.63083333333333,51.214444444444304,59.39027777777777,53.35888888888886,44.136621861111124,53.11916666666662,0.0,60.91250000000004,67.53249999999984,0.00012056218500000025,,0.0,0.0,0.0,0.0,0.0,550.0,0.0,0.013104018444444475,0.0,0.0,0.0,0.0,0.0,0.0,0.0,0.0,241.49243055555542,224.57,209.49583333333314,281.237222222222,250.66666666666652,575.0,3.3375048083333367,4.221547088888895,1.0080938341666672,63.50305555555576,402.99916666666815,522.884722222223,686.9441666666673,0.015765655222222293,1001.6777777777776,508.36939249999824,0.0,,0.0,0.0,0.0,0.0,0.0,0.0,0.0,0.0,0.0,0.0,0.0,43.52333333333333,47.19027777777766,37.268055555555506,42.82694444444457,0.0,0.0,0.0,0.0,0.0,0.0,31.455419472222214,0.0,0.0,0.0,0.0,0.0,0.0,0.0,0.0,0.0,0.0,0.0,0.0,0.0,131.28041527777788,0.0,0.0,0.0,0.0,0.0,647.4482119444459,0.0,5581.199533333337,0.0,0.0,4.911111111111111,81.04222222222222,0.0,0.0,29.32,65.71,0.0,0.0,0.0,0.0,0.0,0.0,0.0,0.0,0.0,0.0,2.7272040611111015,0.012983456055555561,0.0026403359999999927,1.1821048449236111,5406.360425,3.18833137777778,3.9548192771084336,0.007,93.61966746987952,0.6459277108433735,0.11459277108433735,0.03429638554216868,1.536289156626506,0.08740722891566265,1483.366265060241,0.9259821427906662,17.476987951807228,34.70231325301205,0.24925301204819278,0.48074698795180726,7.343325301204819,0.7251807228915662,0.20703614457831326,0.31296385542168675,37.477759036144576,0.7940722891566265,1.1219188335981523,PTOC,97.5,PTOC,60.0,21.0,8.0,26.904761904761905,26.5
2025-10-01 11:00:00,0.0,0.0,44.67388888888887,49.974722222222184,60.04027777777772,51.64861111111101,39.218628361111136,51.93583333333326,0.0,60.1861111111111,65.67361111111111,0.0002853319258333327,,0.0,0.0,0.0,0.0,0.0,550.0,0.0,0.013303147444444474,0.0,0.0,0.0,0.0,0.0,0.0,0.0,0.0,226.55409722222223,209.1111111111112,198.17249999999981,261.2286111111111,237.70416666666674,575.0,5.08781833694444,6.465735769999992,0.8303996522499997,63.036666666667045,403.51805555555836,523.5636111111111,687.2691666666634,0.015910331222222282,985.8208333333343,512.8478052777784,0.0,,0.0,0.0,0.0,0.0,0.0,0.0,0.0,0.0,0.0,0.0,0.0,43.080555555555584,46.21472222222229,37.803611111111145,42.89555555555556,0.0,0.0,0.0,0.0,0.0,0.0,31.165357250000035,0.0,0.0,0.0,0.0,0.0,0.0,0.0,0.0,0.0,0.0,0.0,0.0,0.0,130.91572583333328,0.0,0.0,0.0,0.0,0.0,642.3857688888903,0.0,5526.665005555562,0.0,0.0,4.911111111111111,81.04222222222222,0.0,0.0,29.32,65.71,0.0,0.0,0.0,0.0,0.0,0.0,0.0,0.0,0.0,0.0,2.7618056305555427,0.013017816194444452,0.0026095923499999934,1.4634120352777773,5529.497649999999,3.174726530555552,3.958433734939759,0.007,93.62031807228917,0.6473734939759036,0.11473734939759037,0.03436867469879518,1.5305060240963855,0.08726265060240963,1480.0409638554218,0.9283300100435581,17.43722891566265,34.776048192771086,0.24419277108433737,0.4858072289156627,7.336819277108434,0.7215662650602409,0.2063132530120482,0.3136867469879518,37.46257831325301,0.7926265060240965,1.1241722544258523,PTOC,97.5,PTOC,60.0,21.0,8.0,26.904761904761905,26.5
2025-10-01 12:00:00,0.0,0.0,44.000555555555586,49.04750000000001,56.953888888888976,50.46944444444443,8.879891916666667,51.130555555555716,0.0,58.052500000000045,64.1349999999999,-0.0008801125825000035,,0.0,0.0,0.0,0.0,0.0,550.0,0.0,0.012286603305555602,0.0,0.0,0.0,0.0,0.0,0.0,0.0,0.0,213.5915972222223,200.25805555555567,186.04444444444454,247.06722222222243,220.99666666666656,575.0,3.5186627836388866,4.547984628194424,1.7139597060833331,62.78416666666681,403.9413888888905,524.1791666666651,687.5955555555611,0.014736848111111119,971.3344444444446,518.4141647222217,0.0,,0.0,0.0,0.0,0.0,0.0,0.0,0.0,0.0,0.0,0.0,0.0,42.77444444444467,45.38250000000009,37.396388888888914,42.14583333333322,0.0,0.0,0.0,0.0,0.0,0.0,32.03495605555548,0.0,0.0,0.0,0.0,0.0,0.0,0.0,0.0,0.0,0.0,0.0,0.0,0.0,130.97925750000007,0.0,0.0,0.0,0.0,0.0,704.725743611111,0.0,5667.6838833333295,0.0,0.0,4.911111111111111,81.04222222222222,0.0,0.0,29.32,65.71,0.0,0.0,0.0,0.0,0.0,0.0,0.0,0.0,0.0,0.0,2.76190708055555,0.013166715666666688,0.0024468318500000066,1.693857261868056,5652.536422222221,3.1775553583333314,3.962048192771084,0.007,93.6209686746988,0.6488192771084338,0.11488192771084338,0.03444096385542169,1.5247228915662652,0.08711807228915662,1476.7156626506023,0.93067787729645,17.397469879518074,34.84978313253012,0.23913253012048194,0.4908674698795181,7.330313253012048,0.7179518072289156,0.20559036144578313,0.3144096385542169,37.44739759036145,0.7911807228915663,1.1264256752535524,PTOC,97.5,PTOC,60.0,21.0,8.0,26.904761904761905,26.5
2025-10-01 13:00:00,0.0,0.0,43.47249999999992,48.26638888888894,56.7966666666666,49.575833333333435,0.0,50.55500000000006,0.0,58.6638888888889,62.672777777777746,0.00026523805666666637,,0.0,0.0,0.0,0.0,0.0,550.0,0.0,0.01355131177777778,0.0,0.0,0.0,0.0,0.0,0.0,0.0,0.0,204.05270833333327,188.69472222222217,180.1705555555558,232.0305555555554,215.31499999999977,575.0,0.0,-0.011501729599999977,1.397609611111111,62.62666666666675,404.3552777777764,524.7183333333315,687.9563888888886,0.01589425611111117,957.7769444444443,499.591334722222,0.0,,0.0,0.0,0.0,0.0,0.0,0.0,0.0,0.0,0.0,0.0,0.0,42.49027777777765,44.49916666666677,36.77055555555553,41.46972222222231,0.0,0.0,0.0,0.0,0.0,0.0,33.44588922222221,0.0,0.0,0.0,0.0,0.0,0.0,0.0,0.0,0.0,0.0,0.0,0.0,0.0,130.9798505555565,0.0,0.0,0.0,0.0,0.0,614.550324444444,0.0,5912.778472222216,0.0,0.0,4.911111111111111,81.04222222222222,0.0,0.0,29.32,65.71,0.0,0.0,0.0,0.0,0.0,0.0,0.0,0.0,0.0,0.0,2.8197506944444566,0.013286074388888933,0.0023473670999999987,0.6515499926354169,5775.567733333335,3.024476630555556,3.9656626506024097,0.007,93.62161927710844,0.6502650602409639,0.11502650602409639,0.034513253012048196,1.5189397590361446,0.0869734939759036,1473.3903614457831,0.933025744549342,17.357710843373493,34.923518072289156,0.23407228915662653,0.4959277108433735,7.323807228915663,0.7143373493975903,0.20486746987951807,0.3151325301204819,37.432216867469876,0.7897349397590362,1.1286790960812527,PTOC,97.5,PTOC,60.0,21.0,8.0,26.904761904761905,26.5
2025-10-01 14:00:00,0.0,0.0,43.19138888888905,47.7333333333335,54.459444444444735,48.85555555555558,4.784913902777774,50.24861111111125,0.0,62.55750000000018,61.52777777777776,-1.2057362499999454e-05,,0.0,0.0,0.0,0.0,0.0,550.0,0.0,0.01332766580555554,0.0,0.0,0.0,0.0,0.0,0.0,0.0,0.0,192.99243055555553,176.39583333333343,173.78000000000003,215.95666666666656,205.83722222222212,575.0,0.013647762133333338,-0.04899690172222214,2.5098540361111104,62.58833333333325,404.73055555555464,525.2774999999988,688.2216666666642,0.01559686655555562,944.7347222222222,541.9025569444447,0.0,,0.0,0.0,0.0,0.0,0.0,0.0,0.0,0.0,0.0,0.0,0.0,42.393888888888604,43.683611111111055,36.702499999999915,43.52583333333329,0.0,0.0,0.0,0.0,0.0,0.0,30.797134777777707,0.0,0.0,0.0,0.0,0.0,0.0,0.0,0.0,0.0,0.0,0.0,0.0,0.0,130.74615555555476,0.0,0.0,0.0,0.0,0.0,678.8753516666663,0.0,5430.279897222226,0.0,0.0,4.911111111111111,81.04222222222222,0.0,0.0,29.32,65.71,0.0,0.0,0.0,0.0,0.0,0.0,0.0,0.0,0.0,0.0,2.8512467777777672,0.01333972413888893,0.002301553033333329,0.22309704018180548,5898.611116666666,3.245687694444448,3.969277108433735,0.007,93.62226987951807,0.651710843373494,0.1151710843373494,0.0345855421686747,1.5131566265060241,0.0868289156626506,1470.065060240964,0.9353736118022339,17.317951807228916,34.99725301204819,0.2290120481927711,0.500987951807229,7.317301204819278,0.710722891566265,0.20414457831325303,0.315855421686747,37.41703614457831,0.788289156626506,1.1309325169089528,PTOC,97.5,PTOC,60.0,21.0,8.0,26.904761904761905,26.5
2025-10-01 15:00:00,0.0,0.0,43.01888888888894,47.358611111110775,53.695277777777726,48.26527777777802,30.465252480555566,50.00472222222223,0.0,61.87833333333323,60.4899999999999,0.0005361035352777783,,0.0,0.0,0.0,0.0,0.0,550.0,0.0,0.013989154527777754,0.0,0.0,0.0,0.0,0.0,0.0,0.0,0.0,183.88298611111117,161.4711111111113,169.03138888888876,202.22972222222242,202.79972222222221,575.0,0.025414738738888915,0.0010609606000000016,3.1114728138888874,62.622222222222554,405.05111111111245,525.7436111111084,688.4308333333314,0.016151457888888988,932.1741666666662,544.7879958333325,0.0,,0.0,0.0,0.0,0.0,0.0,0.0,0.0,0.0,0.0,0.0,0.0,42.32194444444429,42.97916666666652,36.06555555555564,42.51888888888887,0.0,0.0,0.0,0.0,0.0,0.0,30.689669499999997,0.0,0.0,0.0,0.0,0.0,0.0,0.0,0.0,0.0,0.0,0.0,0.0,0.0,130.91407722222183,0.0,0.0,0.0,0.0,0.0,649.9652183333336,0.0,5402.58335,0.0,0.0,4.911111111111111,81.04222222222222,0.0,0.0,29.32,65.71,0.0,0.0,0.0,0.0,0.0,0.0,0.0,0.0,0.0,0.0,2.917293600000017,0.013453051583333374,0.0021743587166666548,0.22536609797986104,6021.652552777782,3.2287308166666673,3.9728915662650603,0.007,93.62292048192772,0.6531566265060241,0.11531566265060242,0.03465783132530121,1.5073734939759036,0.08668433734939758,1466.7397590361445,0.9377214790551258,17.27819277108434,35.07098795180723,0.22395180722891567,0.5060481927710844,7.3107951807228915,0.7071084337349397,0.20342168674698796,0.31657831325301206,37.40185542168675,0.7868433734939759,1.1331859377366529,PTOC,97.5,PTOC,60.0,21.0,8.0,26.904761904761905,26.5
2025-10-01 16:00:00,0.0,0.0,43.266111111111016,47.4294444444444,53.1625,48.1616666666669,13.717859194444436,50.18527777777762,0.0,60.82694444444436,59.90194444444409,0.000313463354999999,,0.0,0.0,0.0,0.0,0.0,550.0,0.0,0.013764705944444396,0.0,0.0,0.0,0.0,0.0,0.0,0.0,0.0,185.1402777777778,157.7186111111111,168.49694444444455,210.86222222222236,203.48333333333326,575.0,0.00759548589999999,-0.016420711444444444,3.5555716166666698,62.94499999999964,405.3855555555539,526.1780555555521,688.5547222222252,0.01593042511111117,919.8277777777777,550.044790277778,0.0,,0.0,0.0,0.0,0.0,0.0,0.0,0.0,0.0,0.0,0.0,0.0,42.71694444444441,42.76888888888884,35.25055555555554,41.031111111111095,0.0,0.0,0.0,0.0,0.0,0.0,10.205808897222235,0.0,0.0,0.0,0.0,0.0,0.0,0.0,0.0,0.0,0.0,0.0,0.0,0.0,43.32916638888886,0.0,0.0,0.0,0.0,0.0,666.1768816666681,0.0,3096.3839250000015,0.0,0.0,4.911111111111111,81.04222222222222,0.0,0.0,29.32,65.71,0.0,0.0,0.0,0.0,0.0,0.0,0.0,0.0,0.0,0.0,2.8410687750000014,0.013451243277777808,0.002173153083333326,17.59523983180556,6111.340766666664,3.2272298694444412,3.976506024096386,0.007,93.62357108433736,0.6546024096385542,0.11546024096385543,0.034730120481927716,1.501590361445783,0.08653975903614457,1463.4144578313253,0.9400693463080178,17.238433734939758,35.14472289156627,0.21889156626506023,0.5111084337349397,7.304289156626506,0.7034939759036144,0.2026987951807229,0.3173012048192771,37.386674698795176,0.7853975903614459,1.135439358564353,PTOC,97.5,PTOC,60.0,21.0,8.0,26.904761904761905,26.5
2025-10-01 17:00:00,0.0,0.0,43.426666666666485,47.27111111111131,52.42222222222219,48.153333333333556,-1.4196430833333333,50.29027777777758,0.0,59.64861111111113,59.46666666666669,0.00031748213083333246,,0.0,0.0,0.0,0.0,0.0,550.0,0.0,0.013829006499999952,0.0,0.0,0.0,0.0,0.0,0.0,0.0,0.0,166.90590277777775,146.4275000000001,155.66833333333335,187.0597222222221,178.4680555555555,575.0,0.0009403935166666672,-0.050612449338888754,4.178779261111114,63.21944444444469,405.6941666666657,526.5747222222263,688.6161111111148,0.01593042511111117,891.3405555555559,552.7559124999992,0.0,,0.0,0.0,0.0,0.0,0.0,0.0,0.0,0.0,0.0,0.0,0.0,42.94027777777765,42.39055555555538,35.230000000000075,40.904722222221984,0.0,0.0,0.0,0.0,0.0,0.0,5.263553927777782,0.0,0.0,0.0,0.0,0.0,0.0,0.0,0.0,0.0,0.0,0.0,0.0,0.0,22.57855741666678,0.0,0.0,0.0,0.0,0.0,666.1436375,0.0,2569.011086111109,0.0,0.0,4.911111111111111,81.04222222222222,0.0,0.0,29.32,65.71,0.0,0.0,0.0,0.0,0.0,0.0,0.0,0.0,0.0,0.0,2.8703704277777686,0.013511525055555492,0.0021152826833333326,28.056801733819427,6131.472797222215,3.1646308361111126,3.980120481927711,0.007,93.62422168674699,0.6560481927710844,0.11560481927710844,0.03480240963855422,1.4958072289156625,0.08639518072289155,1460.089156626506,0.9424172135609097,17.19867469879518,35.2184578313253,0.21383132530120483,0.5161686746987952,7.297783132530121,0.6998795180722891,0.20197590361445783,0.3180240963855422,37.37149397590361,0.7839518072289157,1.137692779392053,PTOC,97.5,PTOC,60.0,21.0,8.0,26.904761904761905,26.5
2025-10-01 18:00:00,1.0,0.0,49.66055555555558,49.191666666666684,51.03527777777775,61.23888888888892,10.469618527777776,56.52444444444449,0.0,64.22833333333334,59.281111111111166,0.8367372154949997,,11.35352811195679,87.6790301988706,0.5227915541369998,4.690743923397987,12.219,550.0,0.9674416891726,0.45367032369444416,0.64,0.0,0.87,1.28,0.0,0.416,96.1,0.3,290.9831944444444,313.5375,266.4816666666667,316.6613888888887,267.25222222222226,575.0,5.421657852100003,10.73584584691666,3.5702883649999997,62.522499999999866,406.0958333333338,526.0602777777759,687.2997222222216,0.8539094398611111,983.5772222222232,38467.97199472223,,,,,,,,,,,,,,43.173611111111256,42.35333333333335,36.14583333333335,41.37361111111112,11.19,87.79,0.51,7.8,0.0,1.02,0.6818163995000005,3.900964426877471,0.03650592885375494,56.480197628458505,0.016716205533596838,3.9425750988142294,0.03318280632411067,0.08297826086956522,10.12,0.013293873517786561,0.06369318181818182,10.616902173913044,0.3393848814229249,4.179001976284585,42.168492472222205,,100.0,,0.0,,1292.2270899999999,4.437999999999981,2260.218208333334,2.13,10.46,4.911111111111111,81.04222222222222,55.34,9.32,29.32,65.71,0.064,2.16,0.23,23.901,0.033,0.051,5.19,2.015414258188825,0.14,0.0,2.8186029416666685,-0.38306688670583333,0.39950749855833373,28.613732212291684,6158.974508333326,114.30548033611109,3.9837349397590365,0.007,93.62487228915663,0.6574939759036145,0.11574939759036146,0.03487469879518073,1.4900240963855422,0.08625060240963854,1456.7638554216867,0.9447650808138016,17.158915662650603,35.29219277108434,0.20877108433734942,0.5212289156626506,7.291277108433735,0.6962650602409638,0.2012530120481928,0.3187469879518072,37.35631325301205,0.7825060240963856,1.1399462002197533,PTOC,97.5,PTOC,60.0,21.0,8.0,26.904761904761905,26.5
2025-10-01 19:00:00,1.0,0.0,65.84472222222219,90.46055555555556,58.323888888888774,117.43444444444442,34.69801969444446,75.91083333333337,0.0,75.54583333333335,60.16805555555541,1.6313777555555549,,11.363439215034091,87.66916181606518,0.5230051554964245,4.702278396806919,30.065,560.3472222222222,0.9673989689007152,0.7944486080555554,0.64,0.0,0.87,1.28,0.0,0.687,96.1,0.3,208.29916666666668,212.45944444444442,195.8116666666667,218.2952777777776,206.63027777777796,574.9305555555555,12.289303749999998,23.115210694444432,4.358354186111107,62.70499999999997,406.2111111111113,525.4105555555528,686.5219444444449,1.6473403416666657,953.063611111112,73349.71630555554,,,,,,,,,,,,,,44.561666666666675,44.00083333333333,38.309444444444395,42.94805555555571,11.19,87.79,0.51,7.8,0.0,1.02,0.1120257798888888,3.884942798813605,0.03645275605716267,56.536939640229576,0.016755171218366012,3.930585878818228,0.032963676283656256,0.08297369130619006,25.961,0.013224375024074574,0.06370155232849274,10.566104926620701,0.3369425676977004,4.173749085166212,56.36717083333335,,100.0,,0.0,,1544.8367833333325,18.353999999999917,2057.4582805555574,2.13,10.46,4.911111111111111,81.04222222222222,55.34,9.32,29.32,65.71,0.064,2.16,0.23,60.329,0.033,0.051,5.19,2.015414258188825,0.14,0.0,2.9660228555555572,-0.8369291319444447,0.8525722166666672,31.198993547673613,6209.616697222222,171.015388888889,3.9873493975903616,0.007,93.62552289156626,0.6589397590361447,0.11589397590361446,0.03494698795180723,1.4842409638554217,0.08610602409638554,1453.4385542168675,0.9471129480666935,17.119156626506022,35.36592771084337,0.203710843373494,0.526289156626506,7.28477108433735,0.6926506024096385,0.20053012048192773,0.3194698795180723,37.34113253012048,0.7810602409638554,1.1421996210474534,PTOC,97.5,PTOC,60.0,21.0,8.0,26.904761904761905,26.5
2025-10-01 20:00:00,1.0,0.0,71.9416666666668,100.51638888888897,62.11222222222256,120.31055555555562,37.40314186111108,105.47666666666669,0.0,95.43472222222213,64.03249999999996,1.8592792638888893,,11.345874497821535,87.68665082328977,0.5226266055564985,4.681836700050925,35.346000000000004,575.0,0.9674746788887001,0.9725370313888898,0.64,0.0,0.87,1.28,0.0,0.865,96.1,0.3,165.48812499999997,173.07694444444445,156.07333333333324,164.43972222222226,168.3625,575.0,13.438609055555576,22.48866766666667,4.063440374999998,63.58305555555568,405.98638888888615,525.0702777777785,686.5086111111118,1.8749356000000006,972.1633333333334,81632.99472222225,,,,,,,,,,,,,,46.05138888888881,45.71888888888874,38.54222222222228,44.086388888888806,11.19,87.79,0.51,7.8,0.883,1.02,0.08891781719444442,3.9939575852022497,0.0368182126160309,56.19322921607156,0.01651490615895386,4.0161555660952635,0.034263161460803576,0.08314282810488514,29.518,0.013633172979199132,0.06391259570431601,10.846438105562708,0.35341869367843354,4.21191815163629,37.92576300000001,,100.0,,0.0,,1400.873816666665,46.78799999999981,2096.6407777777767,2.13,10.46,4.911111111111111,81.04222222222222,55.34,9.32,29.32,65.71,0.064,2.16,0.23,71.648,0.033,0.051,5.19,2.015414258188825,0.14,0.0,2.665984283333335,-0.8867422480555567,0.9024323586111103,31.92335491029651,6263.958186111109,178.08375416666664,3.9982962962962967,0.007,93.6561037037037,0.6558518518518519,0.11582222222222223,0.036303703703703706,1.4462222222222223,0.08439999999999999,1452.0666666666666,0.9449453770804174,17.108962962962963,35.315111111111115,0.20414814814814816,0.5294074074074074,7.273481481481482,0.6994814814814815,0.2005925925925926,0.3282962962962963,37.37562962962963,0.7865185185185185,1.1395581412965698,PTOC,97.5,PTOC,60.0,21.0,8.0,26.904761904761905,26.5
2025-10-01 21:00:00,1.0,0.0,77.72000000000011,101.05694444444443,61.77305555555559,87.29472222222228,37.9272811111111,121.1163888888889,-9.102222222222222,106.93666666666668,67.5041666666665,1.9868143472222202,,11.343612334801762,87.68890323560684,0.5225778520431413,4.679204010329637,39.498000000000005,575.0,0.9674844295913717,1.0054467875000002,0.64,0.0,0.8700000000000001,1.28,0.0,1.158,96.1,0.3,172.35249999999996,175.63861111111106,174.26916666666668,176.88611111111092,162.61611111111125,575.0,13.663121416666687,22.362847638888905,3.802541444444442,64.52638888888917,405.8008333333348,524.8977777777742,686.4341666666629,2.002636291666664,982.6741666666662,94720.70947222225,,,,,,,,,,,,,,46.74027777777759,46.91305555555553,39.23722222222226,44.76222222222231,11.19,87.79,0.51,7.8,2.178,1.02,0.045469353166666705,3.9260022154685155,0.03658391797085807,56.332348396625676,0.016620586815121997,3.9557360752123163,0.033792711676655214,0.08279262646632773,35.206999999999994,0.013491976027494534,0.0633058482688102,10.78747919447837,0.3433998068565911,4.183821399153579,1.4113118055555554,,100.0,,0.0,,1573.6972638888874,63.71400000000035,2145.8706611111097,2.13,10.46,4.911111111111111,81.04222222222222,55.34,9.32,29.32,65.71,0.064,2.16,0.23,81.738,0.033,0.051,5.19,2.015414258188825,0.14,0.0,2.342450363888889,-0.9813675541666668,0.997081743333333,32.13821432353471,6281.0598583333785,199.5710833333334,4.029407407407407,0.007,93.7689925925926,0.6402962962962964,0.11515555555555557,0.04119259259259259,1.3195555555555556,0.0784,1456.0666666666666,0.9303603509364289,17.180074074074074,34.92177777777778,0.2197037037037037,0.5271851851851852,7.249037037037037,0.735037037037037,0.2028148148148148,0.3594074074074074,37.54674074074074,0.810962962962963,1.1234556849545814,PTOC,97.5,PTOC,60.0,21.0,8.0,26.904761904761905,26.5
2025-10-01 22:00:00,1.0,0.0,80.20083333333326,80.02305555555566,80.88861111111106,78.26527777777781,38.483235305555624,112.62722222222227,0.0,106.35249999999998,69.21027777777742,2.0587383888888864,,11.344004029510236,87.68851322923764,0.5225862937394449,4.679659861930017,33.751,575.0,0.967482741252111,1.0425352444444451,0.64,0.0,0.87,1.28,0.0,0.989,96.1,0.3,168.79173611111105,177.58249999999992,161.34888888888884,175.01083333333332,161.22472222222217,575.0,14.20331783333333,22.69861627777777,3.403091197222227,65.0594444444445,405.63972222222424,524.7500000000033,686.1936111111138,2.0743633916666657,1045.7055555555564,94220.59094444437,,,,,,,,,,,,,,47.54166666666661,47.920277777777976,42.192500000000045,47.343888888889005,11.19,87.79,0.51,7.8,1.865,1.02,0.045053747194444486,3.89196256772287,0.03647250041044164,56.47090691183714,0.01671393859793138,3.9319599408964048,0.03324577245115745,0.08284156952881301,30.455,0.013317090789689706,0.06343749794779183,10.651809555081268,0.33815054999179117,4.173692332950255,0.0,,100.0,,0.0,,1508.9235111111102,61.081999999999645,2243.5411527777774,2.13,10.46,4.911111111111111,81.04222222222222,55.34,9.32,29.32,65.71,0.064,2.16,0.23,69.858,0.033,0.051,5.19,2.015414258188825,0.14,0.0,1.749479175,-1.016203122777779,1.0319191433333343,32.25634115769235,6281.241486111153,203.7421922222222,4.060518518518519,0.007,93.88188148148149,0.6247407407407407,0.11448888888888889,0.04608148148148149,1.1928888888888889,0.07239999999999999,1460.0666666666666,0.9157753247924404,17.251185185185186,34.528444444444446,0.23525925925925928,0.524962962962963,7.224592592592593,0.7705925925925925,0.20503703703703705,0.39051851851851854,37.717851851851854,0.8354074074074074,1.107353228612593,PTOC,97.5,PTOC,60.0,21.0,8.0,26.904761904761905,26.5
2025-10-01 23:00:00,1.0,0.0,80.61194444444452,71.71888888888883,213.0102777777777,164.16138888888884,40.3170304722222,112.94555555555561,0.0,109.08805555555551,70.20083333333324,2.181415569444442,,11.37011010225936,87.66251968266418,0.5231489246176586,4.710041929353565,33.150999999999996,575.0,0.9673702150764683,1.1047330438888892,0.64,0.0,0.87,1.28,0.0,1.038,96.1,0.3,189.9021527777778,196.87583333333342,172.4952777777778,203.10722222222233,187.13027777777768,575.0,15.34797038888889,22.71826827777776,3.0337657416666666,65.22000000000048,405.5266666666667,524.4877777777756,685.7880555555588,2.1972173972222206,1078.626111111112,97576.31905555562,,,,,,,,,,,,,,48.13305555555569,48.48583333333342,40.361388888888925,45.85805555555563,11.19,87.79,0.51,7.8,1.93,1.02,0.1964958209444444,3.993193414603494,0.036839261028025636,56.469233379414355,0.016677139625486993,4.041332160361946,0.033017468895312305,0.0840329269825311,31.828,0.01321653889656906,0.06564144778182733,10.422845293452307,0.3523868292069876,4.227321854970467,186.64409805555556,,100.0,,0.0,,1474.4383222222232,61.95466666666657,2300.7503388888886,2.13,10.46,4.911111111111111,81.04222222222222,55.34,9.32,29.32,65.71,0.064,2.16,0.23,68.075,0.033,0.051,5.19,2.015414258188825,0.14,0.0,1.4287808555555557,-1.0766824752777775,1.0923858361111116,32.4633572112361,6315.942808333343,207.9782691666666,4.0916296296296295,0.007,93.99477037037038,0.6091851851851852,0.11382222222222223,0.050970370370370374,1.0662222222222222,0.0664,1464.0666666666666,0.9011902986484519,17.322296296296297,34.13511111111111,0.2508148148148148,0.5227407407407407,7.200148148148148,0.8061481481481481,0.20725925925925925,0.4216296296296297,37.888962962962964,0.8598518518518519,1.0912507722706046,PTOC,97.5,PTOC,60.0,21.0,8.0,26.904761904761905,26.5
2025-10-02 00:00:00,1.0,0.0,81.25000000000007,70.20944444444426,126.00277777777778,228.70055555555547,40.31973994444445,110.06805555555553,0.0,103.14722222222223,73.23888888888905,2.275499075000003,,11.437516696825137,87.60998322092449,0.5350001645007403,4.650024675111038,30.395,561.6666666666666,0.9525000822503701,1.1323367883333346,0.6200000000000001,0.0,0.65,1.28,0.0,0.956,96.62,0.1,191.8997916666666,184.2,175.38583333333338,211.42083333333312,196.5925,575.0,15.44618072222222,22.861618166666666,2.907945927777775,65.5808333333333,405.46249999999884,524.3216666666668,685.3805555555534,2.291120072222226,1108.3061111111117,100920.98866666661,,,,,,,,,,,,,,48.617777777778144,48.93027777777767,38.83388888888879,40.49777777777776,11.03,87.94,0.5,5.9,1.362,1.03,0.3016579165277779,3.922285827795434,0.10490320716555906,56.6243921554464,0.01609007512279688,4.16868426755273,0.04627419820861022,0.15960379947991907,27.688000000000002,0.016011954637388037,0.07665255706443223,9.984680728113261,0.38109924877203116,4.326776943080034,310.1605830555554,,,,0.0,,1486.5525722222228,64.06499999999974,2342.573958333334,2.04,10.22,4.880000000000001,80.79999999999998,55.73,9.17,29.32,65.71,0.067,2.2,0.21,61.378,0.034,0.047,4.96,2.060483870967742,0.13,0.0,1.2038701211111114,-1.1431621972222217,1.1588854611111108,32.584970616969464,6679.820388888886,213.55797333333328,4.122740740740741,0.007,94.10765925925926,0.5936296296296296,0.11315555555555556,0.05585925925925926,0.9395555555555556,0.060399999999999995,1468.0666666666666,0.8866052725044634,17.39340740740741,33.74177777777778,0.26637037037037037,0.5205185185185185,7.175703703703704,0.8417037037037036,0.20948148148148146,0.4527407407407408,38.06007407407407,0.8842962962962964,1.0751483159286161,PTOC,97.5,PTOC,60.0,21.0,8.0,26.904761904761905,26.5
2025-10-02 01:00:00,1.0,0.0,77.07722222222225,70.95083333333334,97.46277777777783,270.12111111111125,38.65581555555557,114.8908333333333,0.0,90.65972222222229,74.76944444444466,2.2713428305555534,,11.38798871948967,87.65975517844387,0.5345122041329031,4.576830619935469,40.601,545.0,0.9522561020664515,1.1278526577777788,0.62,0.0,0.65,1.28,0.0,3.137,96.62,0.1,203.86958333333337,204.91444444444448,182.80499999999998,222.4777777777777,205.28111111111136,575.0,14.735122722222213,23.38650208333333,3.1429800000000014,65.65583333333333,405.4133333333316,524.0647222222221,684.8166666666677,2.286836008333331,1083.6788888888893,103360.7222222222,,,,,,,,,,,,,,48.829166666666474,49.52861111111094,39.27944444444442,38.46194444444437,11.03,87.94,0.5,5.9,1.585,1.03,0.04272202388888887,3.864002292566793,0.10823354789407168,56.85523910295977,0.01582926255768157,4.0893760103459424,0.04544161302648209,0.1562448931605091,34.022999999999996,0.01583725714957529,0.07538068365517443,9.812523586985277,0.36733151103665174,4.302172060077007,0.0,,,,0.0,,1528.9478388888879,64.43999999999973,2289.15653888889,2.04,10.22,4.880000000000001,80.79999999999998,55.73,9.17,29.32,65.71,0.067,2.2,0.21,74.159,0.034,0.047,4.96,2.060483870967742,0.13,0.0,1.232057798888889,-1.1434901583333343,1.1590663388888898,32.4233614520392,2860.859755555562,215.1143574999999,4.10056,0.007,94.055064,0.6083999999999999,0.11392000000000001,0.053136,0.99832,0.0636,1471.944,0.8861868892894412,17.318,33.77696,0.27184,0.52,7.20864,0.83896,0.21,0.43792000000000003,38.11472,0.89552,1.0753153590740916,PTOC,97.5,PTOC,60.0,21.0,8.0,26.904761904761905,26.5
2025-10-02 02:00:00,1.0,0.0,72.83222222222236,68.43972222222214,90.1816666666668,237.96055555555566,38.401657333333304,132.19305555555545,0.0,88.87138888888884,75.98138888888873,2.2424285666666663,,11.442416906820364,87.60505887196376,0.5350484424317277,4.65726636475916,36.435,545.0,0.9525242212158638,1.099037225555555,0.62,0.0,0.65,1.28,0.0,1.142,96.62,0.1,200.2166666666667,203.11305555555566,181.73944444444444,214.04416666666677,201.96999999999994,575.0,14.688946805555553,23.562283388888854,3.526282819444444,65.67805555555586,405.37249999999773,523.8100000000027,684.3069444444452,2.2581058194444443,1080.9941666666662,103848.25472222219,,,,,,,,,,,,,,48.86527777777746,49.82111111111113,39.062777777777775,42.006111111111075,11.03,87.94,0.5,5.9,1.946,1.03,0.042331181583333335,3.8267819691017038,0.10869612737423566,56.91030455203379,0.015713378430272058,4.047343514607273,0.045325968156441084,0.15463326736182909,33.853,0.015847842141021473,0.07468126901603993,9.822266564263138,0.36120231589519397,4.288299412164357,0.0,,,,0.0,,1577.9084500000001,59.711416666666445,2258.60980277778,2.04,10.22,4.880000000000001,80.79999999999998,55.73,9.17,29.32,65.71,0.067,2.2,0.21,73.689,0.034,0.047,4.96,2.060483870967742,0.13,0.0,1.2835045355555557,-1.1433913000000002,1.1590042444444455,32.219282712093474,0.002580940922222216,217.6638327777779,4.06216,0.007,93.952104,0.6324,0.11512,0.048096,1.1135199999999998,0.0696,1475.784,0.8900800930528,17.198,33.94256,0.27424000000000004,0.52,7.25904,0.82456,0.21,0.40912000000000004,38.13392,0.9027200000000001,1.0804339890200996,PTOC,97.5,PTOC,60.0,21.0,8.0,26.904761904761905,26.5
2025-10-02 03:00:00,1.0,0.0,79.53083333333343,64.78944444444447,81.89722222222254,172.88861111111112,38.361168916666685,167.9969444444445,0.0,84.67416666666675,77.8608333333332,2.224259686111111,,11.441628737906772,87.60585092348285,0.5350406772207564,4.656101583113457,36.384,545.0,0.952520338610378,1.080863543611111,0.62,0.0,0.65,1.28,0.0,1.15,96.62,0.1,199.34055555555562,199.36333333333337,188.07277777777776,212.5266666666668,197.39944444444453,575.0,14.588228055555556,23.44138186111109,3.102896716666665,65.66305555555559,405.2780555555552,523.4422222222184,683.7122222222235,2.2400213333333334,1133.9230555555562,102549.1255555556,,,,,,,,,,,,,,48.71777777777796,49.80138888888855,38.661944444444444,41.217777777777805,11.03,87.94,0.5,5.9,1.926,1.03,0.04275987394444443,3.8720594710423573,0.10800334634690462,56.8361009187777,0.01585830862711715,4.09914814923533,0.04549916341327384,0.15663545366483694,34.067,0.01584451228461561,0.07554090468782104,9.819768397569494,0.36886643966301697,4.305318930343147,0.0,,,,0.0,,1583.6036861111113,63.79858333333308,2358.0288166666683,2.04,10.22,4.880000000000001,80.79999999999998,55.73,9.17,29.32,65.71,0.067,2.2,0.21,73.96,0.034,0.047,4.96,2.060483870967742,0.13,0.0,1.182788435555555,-1.143396105555556,1.1589704527777775,32.312970111918766,0.014979000277777746,224.50408722222238,4.02376,0.007,93.849144,0.6564,0.11631999999999999,0.043056,1.22872,0.0756,1479.624,0.8939732968161589,17.078,34.108160000000005,0.27664,0.52,7.3094399999999995,0.81016,0.21,0.38032000000000005,38.15312,0.9099200000000001,1.0855526189661076,PTOC,97.5,PTOC,60.0,21.0,8.0,26.904761904761905,26.5
2025-10-02 04:00:00,1.0,0.0,73.83888888888893,60.49388888888892,77.34222222222226,150.94500000000008,37.917022333333335,132.2852777777778,0.0,98.37583333333313,79.66666666666723,2.256204916666665,,11.435477087170465,87.61203287791739,0.5349800698243397,4.6470104736509334,36.376999999999995,545.0,0.9524900349121699,1.112861797777777,0.62,0.0,0.65,1.28,0.0,1.251,96.62,0.1,210.350625,211.74277777777772,197.47416666666675,219.3675000000001,212.8180555555555,575.0,14.455030333333351,23.668523750000016,2.720196769444449,65.69444444444488,405.1530555555563,523.1069444444446,683.201944444446,2.271894205555554,1135.357777777778,101368.89155555556,,,,,,,,,,,,,,48.69777777777802,49.86333333333326,39.009444444444426,41.03861111111094,11.03,87.94,0.5,5.9,1.979,1.03,0.04355688663888886,3.9970498956554734,0.09850186555365839,56.21010402833112,0.016489470688673877,4.281439954467843,0.047874533611585404,0.16459495351925632,31.625999999999998,0.016392335420223867,0.07842841333080378,10.358649845064189,0.4021672358186302,4.3606937330044895,2.756929027777778,,,,0.0,,1520.0183611111113,64.43999999999973,2396.644291666669,2.04,10.22,4.880000000000001,80.79999999999998,55.73,9.17,29.32,65.71,0.067,2.2,0.21,74.085,0.034,0.047,4.96,2.060483870967742,0.13,0.0,1.242353913333334,-1.1433430750000015,1.1589427527777791,32.2201002899757,1.3507249535277726,220.06440027777776,3.98536,0.007,93.746184,0.6803999999999999,0.11752,0.038015999999999994,1.3439199999999998,0.0816,1483.464,0.8978665005795178,16.958,34.27376,0.27904,0.52,7.35984,0.79576,0.21,0.35152000000000005,38.17232,0.91712,1.0906712489121155,PTOC,97.5,PTOC,60.0,21.0,8.0,26.904761904761905,26.5
2025-10-02 05:00:00,1.0,0.0,63.38222222222219,58.80194444444451,72.13305555555573,131.78972222222228,39.00914713888884,119.56777777777774,0.0,107.43527777777763,81.58000000000008,2.2216033166666684,,11.441641702992362,87.60583789452984,0.5350408049555898,4.656120743338468,30.511000000000003,541.75,0.9525204024777949,1.0782493186111108,0.62,0.0,0.65,1.28,0.0,1.115,96.62,0.1,219.77770833333335,218.94972222222216,202.33750000000032,234.04194444444445,223.7816666666665,571.75,15.081308611111101,23.57952377777776,2.9031555583333306,65.65722222222253,405.06500000000085,522.7669444444474,682.690833333335,2.2371640166666684,1122.1938888888888,99591.91997222224,,,,,,,,,,,,,,48.6650000000002,50.04555555555568,39.37583333333331,42.56305555555565,11.03,87.94,0.5,5.9,1.688,1.03,0.03961837038888883,3.8717833440376785,0.10449225718975237,56.641470420323984,0.015964461571397987,4.117028473560265,0.046376935702561906,0.15774994647827018,28.026,0.016102547634339544,0.07577395989438378,10.072593306215657,0.3744447655748233,4.309102262185114,0.0,,,,0.0,,1543.034344444445,59.711416666666445,2376.610747222222,2.04,10.22,4.880000000000001,80.79999999999998,55.73,9.17,29.32,65.71,0.067,2.2,0.21,61.833,0.034,0.047,4.96,2.060483870967742,0.13,0.0,1.1472078049999999,-1.1433539055555555,1.1590144777777796,32.647184766944434,1.882023000000003,216.46664833333335,3.94525,0.006775,93.65505,0.6629999999999999,0.1162,0.038024999999999996,1.4889999999999999,0.0867,1479.375,0.89865532187207,17.049500000000002,34.2905,0.2665,0.502,7.425,0.73375,0.20099999999999998,0.331,38.1575,0.88175,1.093246173862421,PTOC,97.5,PTOC,60.0,21.0,8.0,26.904761904761905,26.5
2025-10-02 06:00:00,1.0,0.0,58.713692946058124,62.06929460580915,77.24190871369291,174.35477178423236,38.55340402489627,112.38381742738586,0.0,104.80414937759329,85.3742738589211,2.185994340248962,,11.43813200498132,87.60936488169365,0.5350062266500623,4.65093399750934,30.514000000000003,540.0,0.952503113325031,1.042570674273859,0.62,0.0,0.65,1.28,0.0,1.112,96.62,0.1,225.83464730290456,217.16307053941907,215.50788381742737,240.54024896265557,230.1273858921162,570.0,14.640243278008306,23.335855103734442,2.346007186721991,65.64398340248965,404.9157676348548,522.5336099585056,682.2746887966802,2.2016973734439818,1131.835269709544,98199.6643153527,,,,,,,,,,,,,,48.58796680497934,50.108713692946175,40.36514522821577,43.86390041493775,11.03,87.94,0.5,5.9,1.699,1.03,0.04045176215767634,3.9165717679114125,0.10362769413490762,56.558119956684244,0.016113284661333705,4.169201453173578,0.04659307646627309,0.1597879624131065,28.627000000000002,0.016112411359904984,0.07663646208125195,10.083014287211371,0.3823129562999965,4.326136165158766,0.0,,,,0.0,,1572.328626556016,59.06999999999991,2418.9303070539418,2.04,10.22,4.880000000000001,80.79999999999998,55.73,9.17,29.32,65.71,0.067,2.2,0.21,62.072,0.034,0.047,4.96,2.060483870967742,0.13,0.0,1.1043432298755185,-1.143423634854772,1.1590531535269704,32.682410190529055,1.8820230000000022,217.19100663900417,3.904,0.0064,93.5718,0.618,0.1132,0.0414,1.654,0.0912,1470.0,0.8973745548507512,17.282,34.208,0.244,0.47200000000000003,7.5,0.64,0.186,0.316,38.12,0.8180000000000001,1.0941252954822578,PTOC,97.5,PTOC,60.0,21.0,8.0,26.904761904761905,26.5
2025-10-02 07:00:00,1.0,0.0,55.851452282157716,111.96846473029045,296.54356846473024,180.71452282157676,38.21859473029044,135.86348547717833,0.0,115.07634854771779,84.80290456431533,2.189260053941906,,11.443415541652946,87.6040553177478,0.5350582811985513,4.65874217978268,30.37,540.0,0.9525291405992755,1.0459858792531127,0.62,0.0,0.65,1.28,0.0,0.996,96.62,0.1,236.28080912863078,234.62697095435698,211.41452282157684,254.82116182572622,244.26058091286308,570.0,14.678567551867182,23.727560331950205,2.3538232572614124,65.65726141078878,404.8132780082991,522.0560165975091,681.6149377593364,2.204789029045641,1150.731950207469,96397.38630705392,,,,,,,,,,,,,,48.424481327800635,50.8394190871369,41.107883817427535,41.772199170124495,11.03,87.94,0.5,5.9,1.697,1.03,0.04112352867219919,3.83793533143449,0.11095287415846711,57.02673485240808,0.015675168306576902,4.047539810978768,0.044761781460383225,0.15434845934748836,30.896,0.015668856809943035,0.07472847617814604,9.647080528223718,0.35920601372345934,4.2898077421025365,0.0,,,,0.0,,1537.4571161825731,54.01195020746907,2434.8304647302907,2.04,10.22,4.880000000000001,80.79999999999998,55.73,9.17,29.32,65.71,0.067,2.2,0.21,62.496,0.034,0.047,4.96,2.060483870967742,0.13,0.0,1.1789239688796682,-1.143274174273859,1.1589189751037345,33.276024546099585,1.8820230000000029,215.9362564315354,3.8627499999999997,0.006025,93.48855,0.573,0.1102,0.044774999999999995,1.819,0.09570000000000001,1460.625,0.8960937878294324,17.5145,34.125499999999995,0.2215,0.442,7.575,0.54625,0.171,0.301,38.082499999999996,0.75425,1.0950044171020947,PTOC,97.5,PTOC,60.0,21.0,8.0,26.904761904761905,26.5
2025-10-02 08:00:00,1.0,0.0,53.694444444444336,173.9308333333333,277.8997222222221,119.6419444444443,38.9295668333333,138.08000000000013,0.0,191.28750000000005,83.27194444444451,2.209120961111114,,11.397074476804544,87.62486940604337,0.4907414895360908,4.405611715206819,36.602000000000004,540.0,0.9780561171520682,1.049496379166666,0.62,0.0,0.65,1.28,0.0,1.153,96.62,0.1,220.490625,218.45916666666676,195.44388888888886,242.93722222222203,225.12222222222235,570.0,14.941768138888888,23.440466333333294,2.3409046305555576,65.72083333333356,404.64472222222423,521.7033333333349,681.130277777778,2.2240748166666675,1146.164722222221,97382.60975000009,,,,,,,,,,,,,,48.51055555555566,51.737222222222215,40.733333333333235,41.662222222222226,11.03,87.94,0.5,5.9,2.014,1.03,0.04213293391666666,3.8830734966592426,0.10936661415611929,56.90305747188876,0.015846922700852844,4.103820957140529,0.04515834646097018,0.15663153892117984,36.818,0.01573127274702591,0.0756461784996469,9.708999402466185,0.3682796729860395,4.307765223531968,0.0,,100.0,,0.0,,1550.172461111111,58.41366666666645,2431.090372222222,2.12,10.42,4.880000000000001,80.79999999999998,55.52,9.37,29.32,65.71,0.066,2.23,0.23,74.95,0.031,0.052,5.02,2.075697211155379,0.13,0.0,1.091811389444445,-1.1596245944444452,1.1752218555555567,33.38325279020834,1.882023000000003,216.0637141666666,3.8633939393939394,0.006,93.4497393939394,0.5869696969696969,0.10966060606060606,0.04466060606060606,1.8401818181818184,0.0993939393939394,1473.2363636363636,0.9010443840835998,17.499454545454547,34.22521212121212,0.24375757575757576,0.46375757575757576,7.549454545454545,0.5298181818181819,0.1767878787878788,0.3033939393939394,37.98496969696969,0.7567878787878788,1.0997913542521385,PTOC,97.5,PTOC,60.0,21.0,8.0,26.904761904761905,26.5
2025-10-02 09:00:00,1.0,0.0,52.342222222222276,230.45694444444442,190.07111111111118,121.03500000000011,37.4106891111111,122.43611111111119,0.0,198.6583333333333,82.43611111111117,2.2750007861111134,,11.401339147398014,87.62054076539101,0.49082678294796034,4.412008721097022,34.858,540.0,0.9781200872109702,1.0911580500000007,0.62,0.0,0.65,1.28,0.0,2.978,96.62,0.09999999999999999,222.59090277777773,217.53805555555547,205.91944444444454,242.1719444444442,224.7341666666668,570.0,14.0872396111111,23.56737130555556,2.425741102777776,65.91666666666659,404.5305555555552,521.2997222222243,680.6602777777784,2.290585572222226,1146.8225000000011,100121.62399999997,,,,,,,,,,,,,,48.784999999999826,52.97833333333353,41.17749999999991,41.75944444444441,11.03,87.94,0.5,5.9,1.664,1.03,0.04346371749999997,3.857713947290495,0.10646036916395223,56.76180238870793,0.01586605468364426,4.091857664593821,0.04588490770901195,0.15656598558878693,30.392999999999997,0.015974928437469154,0.07538801697759352,9.947311222978975,0.36925841476655813,4.301875431842858,0.0,,100.0,,0.0,,1531.1960083333329,59.06999999999978,2431.477683333332,2.12,10.42,4.880000000000001,80.79999999999998,55.52,9.37,29.32,65.71,0.066,2.23,0.23,62.86,0.031,0.052,5.02,2.075697211155379,0.13,0.0,1.1366078775,-1.18384276388889,1.1994858277777785,33.2100869791667,1.8888987055555697,217.81089305555554,3.8670303030303033,0.006,93.41410303030304,0.6051515151515151,0.1092969696969697,0.044296969696969696,1.8510909090909091,0.10303030303030303,1487.418181818182,0.9064400777145876,17.466727272727272,34.33793939393939,0.2692121212121212,0.4892121212121212,7.516727272727273,0.5189090909090909,0.18406060606060606,0.30703030303030304,37.88315151515151,0.7640606060606061,1.1048574210829114,PTOC,97.5,PTOC,60.0,21.0,8.0,26.904761904761905,26.5
2025-10-02 10:00:00,1.0,0.0,52.07500000000004,279.7919444444442,142.34027777777786,125.24249999999985,38.0197288888889,172.76194444444445,0.0,141.67472222222227,82.82638888888884,2.2813905361111075,,11.471845325501713,87.54897699461577,0.49223690651003427,4.51776798825257,36.774,540.0,0.9791776798825257,1.0974284997222228,0.62,0.0,0.65,1.28,0.0,1.206,96.62,0.1,204.92652777777772,202.04861111111106,179.8161111111111,220.1144444444443,217.72694444444434,570.0,14.417896916666654,23.50376225000003,2.937186491666667,66.12861111111133,404.38777777777585,520.8880555555552,680.1305555555555,2.2971280916666643,1123.3327777777786,102289.45108333336,,,,,,,,,,,,,,49.15361111111127,53.38888888888875,41.125277777777725,43.818333333333314,11.03,87.94,0.5,5.9,1.985,1.03,0.04811938627777775,3.842225159602891,0.1065897010433951,56.7812118570183,0.015819754197485724,4.074693309334308,0.04585257473915122,0.1559155721798802,35.557,0.015983969401243074,0.07510124588688584,9.955908259976939,0.36680889838850295,4.296172342998565,6.345006416666668,,100.0,,0.0,,1555.6360527777772,54.34141666666704,2375.695955555554,2.12,10.42,4.880000000000001,80.79999999999998,55.52,9.37,29.32,65.71,0.066,2.23,0.23,75.205,0.031,0.052,5.02,2.075697211155379,0.13,0.0,1.2037013238888896,-1.1839621249999992,1.1995997638888884,32.98773693611112,3.0619165944444457,218.4416755555557,3.87176,0.005648,93.439032,0.60856,0.10812,0.044704,1.81952,0.102656,1497.24,0.9117670099588729,17.46552,34.42912,0.28384,0.50912,7.489120000000001,0.51792,0.19088,0.31176,37.76128,0.77616,1.1100969647530676,PTOC,97.5,PTOC,60.0,21.0,8.0,26.904761904761905,26.5
2025-10-02 11:00:00,1.0,0.0,51.90861111111091,292.77611111111116,110.93388888888882,122.4030555555555,38.58694733333335,168.12277777777786,0.0,132.28694444444443,80.1283333333333,2.239498863888888,,11.478410607708817,87.54231323317555,0.49236821215417637,4.527615911563226,34.013,540.0,0.9792761591156324,1.0557628755555561,0.62,0.0,0.65,1.28,0.0,1.216,96.62,0.1,202.18437500000002,199.6819444444445,177.36972222222207,221.7275000000001,209.95833333333337,570.0,14.564501972222226,23.17874719444445,2.9363586638888832,66.35916666666654,404.01583333333144,520.556111111111,679.6236111111118,2.2551680722222223,1096.0536111111105,101980.36205555552,,,,,,,,,,,,,,49.42999999999991,54.04444444444428,43.9169444444444,46.157500000000105,11.03,87.94,0.5,5.9,1.999,1.03,0.09133007233333329,3.8141704545454544,0.1071181818181818,56.83269602272726,0.015726931818181817,4.042080681818182,0.04572045454545454,0.15464318181818182,35.2,0.01597875,0.07456187499999999,9.950320454545452,0.3619013068181818,4.2855170454545455,60.891402972222345,,100.0,,0.0,,1613.3625305555563,63.12733333333309,2339.883836111112,2.12,10.42,4.880000000000001,80.79999999999998,55.52,9.37,29.32,65.71,0.066,2.23,0.23,74.522,0.031,0.052,5.02,2.075697211155379,0.13,0.0,1.1599682311111106,-1.1837360749999997,1.1993285249999994,32.93762693422917,34.06742994444444,216.2796802777778,3.88136,0.003728,93.733752,0.54616,0.10332000000000001,0.048544,1.5987200000000001,0.084416,1487.64,0.9167876414805751,17.60472,34.42432,0.25024,0.50432,7.48432,0.56112,0.19568000000000002,0.32136,37.55008,0.80976,1.1161092688895689,PTOC,97.5,PTOC,60.0,21.0,8.0,26.904761904761905,26.5
2025-10-02 12:00:00,1.0,0.0,52.633333333333205,256.5122222222222,102.28111111111114,94.26305555555557,39.03932516666668,145.0202777777778,0.0,125.83388888888874,72.71055555555553,2.3362508500000008,,11.47430535481369,87.54648006486411,0.4922861070962738,4.521458032220538,28.366999999999997,540.0,0.9792145803222055,1.131014241388889,0.62,0.0,0.65,1.28,0.0,1.014,96.62,0.1,215.9010416666667,215.37500000000017,193.50861111111112,237.01861111111103,217.7019444444445,570.0,14.753569194444479,23.038604833333324,3.1230549166666646,66.50999999999996,403.9127777777754,520.1613888888893,679.3733333333295,2.3518959611111105,1068.0961111111121,106846.36638888888,,,,,,,,,,,,,,49.52194444444445,53.848888888888986,41.784722222222214,45.3836111111109,11.03,87.94,0.5,5.9,1.767,1.03,0.10473655433333337,3.787626827171109,0.10703319002579535,56.84894204643164,0.015656921754084265,4.014252794496991,0.04574170249355116,0.15362682717110918,29.075,0.016016749785038694,0.07409121238177127,9.987105417024933,0.3581941530524505,4.2760825451418745,81.95837125000003,,100.0,,0.0,,1575.741561111111,64.43999999999973,2280.0337944444436,2.12,10.42,4.880000000000001,80.79999999999998,55.52,9.37,29.32,65.71,0.066,2.23,0.23,62.291,0.031,0.052,5.02,2.075697211155379,0.13,0.0,1.170568109722222,-1.2052366999999995,1.2207513972222233,32.22611092922223,110.7805563055555,215.58415277777786,3.9008000000000003,0.00216,93.99987999999999,0.49119999999999997,0.09952000000000001,0.05244,1.386,0.068,1479.36,0.9202685309925267,17.738400000000002,34.3952,0.2232,0.5004,7.468400000000001,0.608,0.2008,0.336,37.3756,0.8423999999999999,1.1200926414907044,PTOC,97.5,PTOC,60.0,21.0,8.0,26.904761904761905,26.5
2025-10-02 13:00:00,1.0,12.596389694444444,56.083888888889014,161.66750000000008,105.63499999999996,77.9322222222223,38.24897719444443,133.73277777777787,0.0,112.91888888888887,69.34472222222217,2.3535630249999984,,11.414234398090258,87.60745208593839,0.49108468796180516,4.431351597135388,43.985,540.0,0.978313515971354,1.1109757847222215,0.62,0.0,0.65,1.28,0.0,1.434,96.62,0.1,223.26930555555555,221.438888888889,197.57388888888883,246.66583333333332,227.39861111111102,577.0,14.369309361111123,23.200303999999974,3.394981372222223,66.47055555555563,403.7972222222239,519.8238888888911,679.1550000000019,2.3693214805555582,1068.141111111112,109997.90888888885,,,,,,,,,,,,,,49.765277777777634,53.45472222222205,38.38194444444442,43.060833333333335,11.03,87.94,0.5,5.9,2.492,1.03,0.09795051947222227,3.794892273402675,0.10834175334323924,56.915823179791985,0.015636948984645863,4.0152166914314025,0.045414561664190195,0.15349306587419514,40.379999999999995,0.01591201089648341,0.07413291233283803,9.884602278355622,0.3571521792966815,4.2772436849925715,75.78688091666663,,100.0,,0.7523361696869508,,1652.0638194444434,59.72633333333311,2238.556477777776,2.12,10.42,4.880000000000001,80.79999999999998,55.52,9.37,29.32,65.71,0.066,2.23,0.23,87.223,0.031,0.052,5.02,2.075697211155379,0.13,0.0,1.3298538638888893,-1.242587211111111,1.2583984999999998,24.7078058575007,192.1431694444444,220.80127388888891,4.0088,0.0037600000000000003,94.00868,0.5032,0.10472000000000001,0.05684,1.246,0.068,1482.96,0.9098917424167222,17.822400000000002,34.1472,0.2552,0.5044,7.3524,0.6880000000000001,0.2088,0.396,37.5316,0.8664,1.1058156302735511,PTOC,97.5,PTOC,60.0,21.0,8.0,26.904761904761905,26.5
2025-10-02 14:00:00,1.0,56.779900819444556,59.51388888888885,132.08861111111108,106.44777777777774,70.30583333333327,38.348955777777775,147.096388888889,-18.204444444444444,96.69361111111132,70.77944444444444,2.351490891666664,,11.473732394366197,87.54706161971832,0.49227464788732395,4.520598591549295,28.4,540.0,0.9792059859154929,1.1091303797222225,0.62,0.0,0.65,1.28,0.0,1.028,96.62,0.1,237.57798611111113,232.9280555555554,207.5650000000001,270.30555555555566,239.5133333333333,610.0,14.455005944444416,23.237654444444452,3.642127969444443,66.64250000000001,403.58055555555643,519.4938888888872,679.0513888888901,2.367613455555559,1091.4141666666665,109307.4913888889,,,,,,,,,,,,,,50.78750000000012,52.78611111111104,38.81638888888891,40.436111111111124,11.03,87.94,0.5,5.9,1.783,1.03,0.522506719333333,3.8381331037277144,0.11029173419773096,56.98988857374392,0.01569584008643976,4.0511726769313885,0.04492706645056725,0.1545681388438682,29.616,0.015717146137223123,0.07477684359805509,9.694398973527822,0.3602925783360345,4.290609805510535,521.872624833333,,100.0,,3.8892717930631187,,1645.4264500000015,68.49733333333366,2240.165130555555,2.12,10.42,4.880000000000001,80.79999999999998,55.52,9.37,29.32,65.71,0.066,2.23,0.23,62.621,0.031,0.052,5.02,2.075697211155379,0.13,0.0,1.2849223527777776,-1.2423605444444434,1.258119966666668,3.716889931438889,377.07505305555526,223.38603111111104,4.1168000000000005,0.00536,94.01748,0.5152,0.10992,0.06124,1.106,0.068,1486.56,0.8995149538409177,17.9064,33.8992,0.2872,0.5084,7.236400000000001,0.768,0.2168,0.45599999999999996,37.6876,0.8904,1.0915386190563978,PTOC,97.5,PTOC,60.0,21.0,8.0,26.904761904761905,26.5
2025-10-02 15:00:00,1.0,58.958402555555644,62.68611111111137,97.08749999999993,99.21305555555544,65.98777777777772,37.75713580555556,139.94277777777788,0.0,92.7813888888888,68.31222222222219,2.375426724999999,,11.47401826714437,87.54677145884845,0.49228036534288744,4.521027400716556,39.634,540.0,0.9792102740071654,1.1324121316666662,0.62,0.0,0.65,1.28,0.0,1.425,96.62,0.1,224.93555555555554,221.57555555555564,202.48444444444428,251.87972222222217,223.80249999999998,611.0833333333334,14.415703055555547,23.761622416666654,3.7448640305555565,67.02666666666663,403.38111111110936,519.2011111111132,679.0927777777823,2.3911152111111096,1108.863888888889,109213.79027777773,,,,,,,,,,,,,,52.47305555555537,52.44583333333343,39.39250000000001,35.0875,11.03,87.94,0.5,5.9,2.508,1.03,0.8004969552777772,4.005676861597931,0.10379162640060592,56.49684723274218,0.016351999373155377,4.263246010395172,0.046552093399848504,0.16323869720792958,38.287000000000006,0.015993757672316974,0.07822467155953716,9.968258939065477,0.39495183743829493,4.357941337790895,1000.0356091666658,,100.0,,4.11588608240336,,1609.2699611111111,69.81000000000034,2278.615419444442,2.12,10.42,4.880000000000001,80.79999999999998,55.52,9.37,29.32,65.71,0.066,2.23,0.23,87.06,0.031,0.052,5.02,2.075697211155379,0.13,0.0,1.2701702594444437,-1.2430145916666666,1.2585208472222218,3.4355187331944443,1254.6224886111106,224.39618305555558,4.1,0.0063,93.9469,0.541,0.1144,0.0576,1.161,0.0728,1484.7,0.9001666059691044,17.838,33.902,0.303,0.516,7.292000000000001,0.788,0.211,0.474,37.663,0.906,1.093795433893283,PTOC,97.5,PTOC,60.0,21.0,8.0,26.904761904761905,26.5
2025-10-02 16:00:00,1.0,56.127466777777826,62.42694444444448,123.32250000000013,91.09388888888881,63.74638888888887,38.485939944444425,130.1183333333334,0.0,86.60027777777786,66.17472222222247,2.397482561111108,,11.359863613502558,87.66928434069997,0.5182959084050768,4.48923404632999,33.801,511.0,0.9708520457974615,1.154489062222222,0.64,0.0,0.9299999999999999,1.32,0.0,1.228,95.55,0.1,232.9828472222222,230.48277777777767,206.10722222222225,261.92388888888877,233.41750000000016,590.1805555555555,14.536748305555534,23.23379677777781,3.4803883555555584,67.10388888888878,403.23111111111245,518.9280555555517,679.3141666666629,2.412985369444442,1117.9911111111103,107249.45083333328,,,,,,,,,,,,,,53.67638888888899,52.616388888888885,38.791111111110986,39.7419444444445,11.12,87.83,0.52,7.2,2.151,1.05,0.8114722027777775,4.654981788879935,0.0712399677679291,55.715006929895246,0.019538823529411768,4.327588718775182,0.07170024174053183,0.10979693795326351,31.025,0.019268138597904914,0.06895645447219985,10.478957937147461,0.39543668009669625,4.456470588235295,999.720472777776,,100.0,,3.918258455756689,,1550.5359388888885,69.81000000000034,2314.849486111113,2.13,10.29,4.880000000000001,80.79999999999998,55.43,9.83,29.32,65.71,0.068,2.21,0.24,74.714,0.031,0.051,5.17,1.990328820116054,0.14,0.0,1.2514853505555557,-1.2429935583333345,1.258423822222221,3.7274548981790274,2254.5406222222223,220.43172166666665,4.0,0.0068000000000000005,93.8234,0.576,0.11839999999999999,0.0486,1.346,0.08080000000000001,1479.2,0.9081705518999516,17.668000000000003,34.072,0.308,0.526,7.462000000000001,0.768,0.196,0.464,37.518,0.916,1.1070747994328607,PTOC,97.5,PTOC,60.0,21.0,8.0,26.904761904761905,26.5
2025-10-02 17:00:00,1.0,62.12930016666676,61.14194444444454,207.44222222222217,83.28444444444457,63.543333333333514,37.56416008333336,123.3441666666666,0.0,82.91666666666677,65.66388888888913,2.3550628083333325,,11.281209879562267,87.74675826863117,0.5159362963868681,4.3358592651464205,32.714,500.0,0.972031851806566,1.11229835138889,0.64,0.0,0.9299999999999999,1.32,0.0,3.007,95.55,0.1,247.04027777777782,240.1933333333335,224.8852777777777,277.13333333333327,245.94916666666683,575.0,14.292100861111114,23.756680138888907,3.602100999999999,67.10083333333347,402.9780555555533,518.7405555555571,679.6008333333335,2.3706395944444463,1098.5158333333327,107764.7622222222,,,,,,,,,,,,,,54.47833333333358,52.6061111111113,39.27583333333345,38.59666666666676,11.12,87.83,0.52,7.2,1.795,1.05,0.8093675144444443,4.578994991777545,0.06990805800568096,56.048495664523855,0.01951076394079833,4.274863208252356,0.07200403647779939,0.10917738077440575,26.755999999999997,0.01918403348781582,0.06804731648975931,10.152295933622366,0.3841763716549559,4.451793990133055,1000.1279049999991,,100.0,,3.751532822197102,,1618.1093388888887,60.38266666666643,2287.4206749999994,2.13,10.29,4.880000000000001,80.79999999999998,55.43,9.83,29.32,65.71,0.068,2.21,0.24,62.085,0.031,0.051,5.17,1.990328820116054,0.14,0.0,1.0568890155555557,-1.2427644444444452,1.258405102777777,4.1993743764583344,3254.615522222224,221.12309888888893,3.970285714285714,0.007,93.78565714285715,0.5831428571428571,0.11794285714285714,0.04568571428571429,1.4062857142857141,0.084,1476.6571428571428,0.9200743240439873,17.802285714285716,34.26685714285714,0.30657142857142855,0.4922857142857143,7.506,0.7325714285714285,0.17971428571428572,0.46,37.24742857142857,0.9062857142857144,1.1215971520544823,PTOC,97.5,PTOC,60.0,21.0,8.0,26.904761904761905,26.5
2025-10-02 18:00:00,1.0,58.641877638888886,60.43638888888862,230.66277777777768,77.60138888888872,62.73611111111095,38.02818983333328,115.22749999999995,0.0,84.01944444444442,65.40277777777774,2.365981797222222,,11.359776789632273,87.6693698622122,0.5182933036889682,4.4890647397829335,34.183,500.0,0.9708533481555158,1.1232396827777777,0.64,0.0,0.93,1.32,0.0,1.192,95.55,0.1,247.2539583333334,241.80277777777786,228.24166666666667,274.6933333333335,244.27805555555545,575.0,14.573809277777766,23.747299472222206,3.507876811111107,67.05972222222232,402.82027777777864,518.6533333333356,679.9827777777796,2.3817032472222235,1097.9066666666674,110344.22527777772,,,,,,,,,,,,,,54.693055555555496,52.38388888888865,40.06249999999989,38.23472222222212,11.12,87.83,0.52,7.2,2.153,1.05,0.7923181272222223,4.387545265038713,0.06833174508636093,56.28904020250149,0.019270935080405,4.106673019654557,0.07263907087552116,0.10486271590232282,33.58,0.019249791542584868,0.06518064324002383,10.207446396664682,0.36021575342465756,4.411822513400834,999.6298408333334,,100.0,,3.4639757121291535,,1638.641044444445,59.06999999999978,2277.712019444443,2.13,10.29,4.880000000000001,80.79999999999998,55.43,9.83,29.32,65.71,0.068,2.21,0.24,74.205,0.031,0.051,5.17,1.990328820116054,0.14,0.0,0.8997468191666662,-1.2427421500000002,1.2584165638888898,4.373865309444445,4254.9007972222225,225.55775638888892,3.9874285714285715,0.007,93.80508571428572,0.5717142857142856,0.11451428571428572,0.04682857142857143,1.3834285714285712,0.084,1476.0857142857142,0.9345779803301484,18.139428571428574,34.47828571428571,0.3008571428571428,0.4294285714285714,7.466,0.6868571428571429,0.1625714285714286,0.46,36.89314285714286,0.8834285714285715,1.1369481627307998,PTOC,97.5,PTOC,60.0,21.0,8.0,26.904761904761905,26.5
2025-10-02 19:00:00,1.0,59.15793397222227,59.726666666666645,259.8466666666667,73.32805555555561,62.001666666666786,38.670454277777786,110.20361111111102,0.0,80.05361111111105,65.56611111111111,2.3576348222222214,,11.38111224359791,87.64835444005604,0.5189333673079374,4.530668875015926,39.245000000000005,500.0,0.9705333163460312,1.1147733008333334,0.64,0.0,0.93,1.32,0.0,1.393,95.55,0.1,240.95680555555558,243.77111111111105,221.67611111111117,259.91361111111115,238.4663888888889,575.0,14.77066502777777,23.426528944444435,3.4893903861111166,67.00361111111094,402.683055555555,518.5997222222256,680.4258333333353,2.3732116083333334,1099.0811111111118,110745.93972222228,,,,,,,,,,,,,,54.498611111111,52.77666666666646,39.06027777777778,40.633333333333304,11.12,87.83,0.52,7.2,1.796,1.05,0.7887691327777775,4.587527910685806,0.0704097233679811,55.89238739481934,0.019480448770829897,4.273789803662762,0.07194412363196392,0.1087020843645163,36.366,0.019248418852774566,0.06803541769784964,10.36274322169059,0.38631342462739915,4.446741461804982,1000.455724722222,,100.0,,3.704331790161289,,1657.5525583333306,62.61766666666665,2274.8294527777766,2.13,10.29,4.880000000000001,80.79999999999998,55.43,9.83,29.32,65.71,0.068,2.21,0.24,85.79,0.031,0.051,5.17,1.990328820116054,0.14,0.0,0.9523582519444445,-1.2428614777777778,1.2584967305555552,5.0224206277777785,5255.173502777778,227.12539388888877,3.99,0.007485714285714286,93.84151428571428,0.5554285714285714,0.11545714285714287,0.04554285714285714,1.3605714285714285,0.084,1483.2857142857142,0.9444706232133636,18.282285714285713,34.65085714285714,0.2902857142857143,0.3957142857142857,7.421142857142857,0.6702857142857144,0.15514285714285714,0.4551428571428572,36.68942857142857,0.8897142857142857,1.1467388686058628,PTOC,97.5,PTOC,60.0,21.0,8.0,26.904761904761905,26.5
2025-10-02 20:00:00,1.0,46.59265496111112,58.466666666666654,293.3613888888888,69.99555555555543,60.861666666666515,38.53852694444448,107.71083333333355,0.0,75.09361111111116,66.62027777777793,2.3780380999999995,,11.363851069741596,87.66535669630453,0.5184155320922479,4.49700958599611,28.791999999999998,500.0,0.9707922339538759,1.135362886666666,0.64,0.0,0.93,1.32,0.0,0.992,95.55,0.1,233.58208333333334,235.3197222222222,211.78527777777785,249.1633333333334,238.06,575.0,14.504654833333335,23.131727444444454,3.1992267638888867,66.99611111111123,402.541666666666,518.6122222222256,680.8433333333318,2.393679188888889,1098.4958333333334,110540.94555555553,,,,,,,,,,,,,,54.47861111111113,53.07666666666678,39.5608333333334,42.570555555555615,11.12,87.83,0.52,7.2,1.428,1.05,0.7862696219444436,4.611817425817426,0.06991343791343792,56.09651748251749,0.01957705537705538,4.308959364959366,0.07191457191457191,0.11032697032697032,26.455,0.01913143073143073,0.06862453222453223,10.01212663012663,0.3876278208278209,4.462842562842564,999.6649750000001,,100.0,,3.024049677595973,,1625.877780555556,64.90400000000035,2313.5354527777777,2.13,10.29,4.880000000000001,80.79999999999998,55.43,9.83,29.32,65.71,0.068,2.21,0.24,61.346,0.031,0.051,5.17,1.990328820116054,0.14,0.0,1.0064550227777773,-1.2426752055555566,1.25835988888889,4.7061177548611095,6255.01866666667,225.2948383333335,3.988451612903226,0.008,93.86798064516128,0.5415483870967742,0.11711612903225807,0.04396129032258064,1.348516129032258,0.0844258064516129,1491.1548387096775,0.952962710309479,18.369548387096774,34.805032258064514,0.27883870967741936,0.3684516129032258,7.385032258064516,0.6603870967741936,0.1565806451612903,0.4449677419354839,36.52303225806452,0.9007741935483872,1.1551656068547849,PTOC,97.5,PTOC,60.0,21.0,8.0,26.904761904761905,26.5
2025-10-02 21:00:00,1.0,64.7916150833334,75.92861111111117,190.31611111111096,65.6841666666666,60.368333333333275,38.81239375,104.79361111111135,0.0,74.68916666666667,67.1008333333333,2.391400530555555,,11.362765718772785,87.66642576700879,0.5183829715631836,4.494893151606933,35.658,500.0,0.9708085142184083,1.148591491388888,0.64,0.0,0.9299999999999999,1.32,0.0,1.196,95.55,0.1,246.419375,248.17166666666662,227.313888888889,264.93777777777774,245.25416666666658,578.5416666666666,14.589096388888889,22.99893986111113,3.5946099805555543,66.8977777777776,402.42111111110836,518.5877777777805,681.1811111111085,2.4068929138888877,1054.2577777777785,111370.94916666656,,,,,,,,,,,,,,54.58861111111128,53.32166666666665,39.57277777777779,43.976944444444435,11.12,87.83,0.52,7.2,1.936,1.05,0.787752031666667,4.503941548183255,0.0692234779438571,56.16524790375502,0.019423076923076925,4.210251549398469,0.07225786851379269,0.1075890144610524,32.916,0.01919941669704703,0.0669450723052619,10.141037185563253,0.37461805808725246,4.437179487179488,1000.8968533333326,,100.0,,4.044551779962017,,1618.8231833333336,62.42400000000019,2204.5493000000015,2.13,10.29,4.880000000000001,80.79999999999998,55.43,9.83,29.32,65.71,0.068,2.21,0.24,72.986,0.031,0.051,5.17,1.990328820116054,0.14,0.0,0.9283058755555561,-1.242809063888889,1.2583412305555564,4.419555146527777,7254.9183555555555,218.8713094444443,3.972967741935484,0.008,93.77778709677419,0.5570322580645162,0.11827741935483871,0.0435741935483871,1.4336774193548387,0.08868387096774194,1492.7032258064517,0.9561731695499037,18.265032258064515,34.85535483870967,0.2672258064516129,0.35296774193548386,7.435354838709677,0.6642580645161291,0.22238709677419355,0.39464516129032257,36.45335483870968,0.9085161290322581,1.1601477087998406,PTOC,97.5,PTOC,60.0,21.0,8.0,26.904761904761905,26.5
2025-10-02 22:00:00,1.0,65.75910691666658,87.59000000000007,196.7588888888889,64.63888888888889,60.679722222222345,37.868161888888864,101.91749999999979,0.0,81.77944444444452,67.50805555555552,2.332308441666666,,11.35,87.67899999999999,0.518,4.47,29.810000000000002,500.0,0.9709999999999999,1.0894476058333324,0.64,0.0,0.93,1.32,0.0,1.014,95.55,0.1,271.6440972222222,280.71833333333336,253.79611111111106,288.286111111111,263.7758333333335,580.0,14.205270777777791,23.30693061111113,3.8581372333333346,66.9816666666667,402.3627777777771,518.6722222222213,681.6219444444473,2.34783702222222,1046.8450000000003,109225.63944444449,,,,,,,,,,,,,,54.69611111111126,53.61694444444456,40.29472222222226,45.66333333333336,11.12,87.83,0.52,7.2,1.096,1.05,0.8065750980555557,4.4914087603585315,0.06994334517165568,55.903619989852864,0.019329147640791477,4.18289193302892,0.07223913411128022,0.10603289362421783,23.652,0.01933214950109927,0.06649095213935396,10.550835447319466,0.3750892524945036,4.421524606798579,999.2630866666652,,100.0,,4.101176301369452,,1673.671252777778,62.36666666666686,2171.860933333333,2.13,10.29,4.880000000000001,80.79999999999998,55.43,9.83,29.32,65.71,0.068,2.21,0.24,60.154,0.031,0.051,5.17,1.990328820116054,0.14,0.0,0.891104844166667,-1.2428608583333334,1.2585081833333336,4.945172555069445,8254.516222222213,217.1002994444446,3.9574838709677422,0.008,93.6875935483871,0.572516129032258,0.11943870967741935,0.043187096774193544,1.5188387096774194,0.09294193548387097,1494.2516129032258,0.9593836287903285,18.160516129032256,34.90567741935484,0.25561290322580643,0.33748387096774196,7.485677419354839,0.6681290322580645,0.28819354838709677,0.3443225806451613,36.38367741935484,0.9162580645161291,1.1651298107448964,PTOC,97.5,PTOC,60.0,21.0,8.0,26.904761904761905,26.5
2025-10-02 23:00:00,1.0,58.69020519444443,74.08833333333337,172.24499999999995,65.51916666666665,62.52249999999996,36.6945838333334,99.62527777777748,0.0,81.92583333333347,71.28083333333338,2.3321557944444455,,11.361026325829835,87.6681390690576,0.518330789774895,4.49150133536818,41.936,500.0,0.9708346051125524,1.0892412538888891,0.64,0.0,0.93,1.32,0.0,1.438,95.54999999999998,0.1,282.0176388888889,291.88638888888886,272.74277777777775,291.71333333333337,271.72805555555556,580.0,13.829065888888882,23.85932647222221,4.322595199999994,66.97194444444455,402.2463888888895,518.7874999999975,681.9299999999992,2.3477807694444466,1048.5525,111230.43722222213,,,,,,,,,,,,,,54.61055555555562,53.926944444444324,40.214166666666756,41.91444444444421,11.12,87.83,0.52,7.2,0.0,1.05,0.7992888602777779,4.358007314358403,0.06877277786611544,56.09556177452695,0.019168898076005723,4.067131817459055,0.07268691365876928,0.10313817777071076,31.445,0.019366703768484657,0.06451683892510732,10.553633328033072,0.35821466051836537,4.394816346000954,999.5578388888871,,100.0,,3.521412311666666,,1705.052208333332,60.0,2141.975686111109,2.13,10.29,4.880000000000001,80.79999999999998,55.43,9.83,29.32,65.71,0.068,2.21,0.24,82.132,0.031,0.051,5.17,1.990328820116054,0.14,0.0,0.96754923138889,-1.2429144972222228,1.2585648111111107,5.269678182090277,9250.219255555547,221.46617500000002,3.9751875,0.008,93.67868125000001,0.5819375,0.1188375,0.043387499999999996,1.4999375000000001,0.09403125,1493.8375,0.9512300301619131,18.098375,34.7536875,0.2480625,0.3358125,7.5158125,0.6758125,0.2870625,0.323875,36.54375,0.9335625000000001,1.1569163955224842,PTOC,97.5,PTOC,60.0,21.0,8.0,26.904761904761905,26.5
2025-10-03 00:00:00,1.0,38.65266165833337,69.85722222222223,228.41222222222217,65.14749999999967,70.3625,36.79844341666663,97.51805555555569,0.0,77.28083333333338,74.18027777777789,2.350384977777777,,11.386449374320671,87.63830718207407,0.5526816420947019,4.680449262841058,35.881,500.0,0.9752434436052505,1.107562650555555,0.64,0.0,0.93,1.32,0.0,1.221,95.55,0.1,278.63965277777766,283.06138888888853,264.8716666666666,290.9024999999999,275.7230555555555,580.0,13.847246055555573,23.78194916666663,4.337512897222215,66.8963888888889,402.20499999999913,518.8761111111102,682.2266666666643,2.3659778222222214,1047.3391666666666,112143.33138888882,,,,,,,,,,,,,,54.15111111111128,53.95083333333333,40.44583333333346,42.368888888888925,11.12,87.83,0.52,7.2,0.0,1.05,0.795235716944444,4.113192765097558,0.06580448537449896,56.72418623910955,0.01895276112233743,3.870982873422334,0.07356875476198364,0.09909497465796535,30.187,0.01930214993208997,0.06115950574750721,10.15403882465962,0.32521449630635707,4.358793520389572,999.7879094444446,,100.0,,2.488801936778243,,1689.4609861111114,64.38888888888889,2154.3096888888876,2.03,10.41,5.0,80.66666666666666,55.39,10.16,29.32,65.71,0.067,2.2,0.24,70.44,0.034,0.052,5.09,2.045186640471513,0.13,0.0,0.932846278055555,-1.2428222777777787,1.2584816333333333,5.115590810902777,10245.531161111108,221.8497380555556,4.0239375,0.008,93.74580625,0.5856874999999999,0.1165875,0.044137499999999996,1.3836875,0.09215625,1491.5875,0.9324455386884539,18.075875,34.4124375,0.2443125,0.3470625,7.5270624999999995,0.6870625,0.2233125,0.33137500000000003,36.91875,0.9598125,1.1363587868208276,PTOC,97.5,PTOC,60.0,21.0,8.0,26.904761904761905,26.5
