time,delta,size,class,pre_z,post_z,driver,controls_moved,lag_h
03-06 12:47,17.0,trim,anticipatory?,0.0,4.9,-,-,
03-09 21:43,-10.0,trim,reactive,10.0,4.4,body_dp_total,hot_blast_vol_nm3h,5.2
03-12 05:52,5.0,trim,anticipatory?,0.0,8.9,-,-,
03-15 15:18,5.0,trim,reactive,3.5,10.0,co_pct,hot_blast_temp,6.6
03-15 22:10,5.0,trim,reactive,3.9,10.0,h2_pct,hot_blast_temp,5.7
03-16 03:38,10.0,trim,reactive,10.0,3.0,top_press_avg,"coal_rate_actual_value,hot_blast_temp,hot_blast_vol_nm3h",4.9
03-16 04:49,-5.0,trim,reactive,10.0,10.0,top_press_avg,"coal_rate_actual_value,hot_blast_temp,hot_blast_vol_nm3h",6.1
03-16 07:06,-5.0,trim,reactive,10.0,10.0,top_press_avg,hot_blast_vol_nm3h,7.9
03-16 12:18,10.0,trim,coordinated,3.0,10.0,body_dp_total,"coal_rate_actual_value,hot_blast_vol_nm3h",
03-20 09:31,50.0,large,reactive,4.3,10.0,body_raft,"coal_rate_actual_value,oxygen_flow",1.8
03-20 14:55,60.0,large,reactive,6.8,10.0,hot_blast_press,"coal_rate_actual_value,hot_blast_vol_nm3h,oxygen_flow",0.9
03-20 21:39,-120.0,large,reactive,10.0,10.0,hm_per_charge,"coal_rate_actual_value,hot_blast_vol_nm3h,oxygen_flow",6.4
03-21 21:40,-120.0,large,reactive,6.2,2.7,hm_per_charge,"coal_rate_actual_value,hot_blast_temp,hot_blast_vol_nm3h,oxygen_flow",3.9
03-22 00:38,-25.0,large,reactive,6.2,3.7,hm_per_charge,"coal_rate_actual_value,hot_blast_temp,hot_blast_vol_nm3h,oxygen_flow",6.9
03-22 02:23,-10.0,trim,reactive,6.2,3.7,hm_per_charge,"hot_blast_vol_nm3h,oxygen_flow",7.9
03-22 04:01,-15.0,trim,reactive,5.2,4.0,h2_pct,-,7.8
03-23 22:01,195.0,large,reactive,7.3,10.0,hm_per_charge,"coal_rate_actual_value,oxygen_flow",1.5
03-26 00:24,-10.0,trim,reactive,10.0,10.0,runner_temp_pci_taphole,-,7.9
03-26 03:16,-10.0,trim,reactive,10.0,10.0,runner_temp_pci_taphole,-,7.8
03-26 07:37,-20.0,large,reactive,10.0,10.0,runner_temp_pci_taphole,hot_blast_vol_nm3h,7.9
03-26 20:41,-10.0,trim,reactive,10.0,10.0,runner_temp_pci_taphole,-,7.9
03-27 09:01,-5.0,trim,anticipatory?,2.0,3.3,top_temp_avg,-,
03-28 12:27,-5.0,trim,reactive,10.0,6.7,hm_per_charge,-,5.7
03-30 20:10,-3.0,trim,anticipatory?,3.1,3.5,top_temp_avg,-,
04-01 07:01,5.0,trim,reactive,3.3,10.0,h2_pct,"hot_blast_temp,oxygen_flow",4.8
04-01 17:34,-3.0,trim,reactive,10.0,10.0,body_etaco,-,6.3
04-02 21:37,-10.0,trim,reactive,10.0,10.0,hm_per_charge,-,7.9
04-04 01:55,-3.0,trim,reactive,10.0,2.6,body_raft,coal_rate_actual_value,0.9
04-04 10:50,-2.0,trim,anticipatory?,2.6,4.1,body_dp_top,-,
04-06 10:51,-2.0,trim,reactive,10.0,2.3,body_raft,coal_rate_actual_value,5.6
04-07 15:16,5.0,trim,reactive,4.9,2.9,co_pct,oxygen_flow,7.3
04-07 15:44,-3.0,trim,reactive,4.9,2.9,co_pct,oxygen_flow,7.7
04-07 19:39,-3.0,trim,reactive,3.5,3.7,top_press_avg,oxygen_flow,4.9
04-08 13:05,5.0,trim,coordinated,3.1,4.2,co_pct,"coal_rate_actual_value,hot_blast_vol_nm3h,oxygen_flow",
04-11 00:12,-2.0,trim,anticipatory?,3.1,3.4,tuyere_velocity,-,
04-14 00:13,10.0,trim,reactive,6.8,10.0,top_press_avg,"coal_rate_actual_value,hot_blast_vol_nm3h,oxygen_flow",4.7
04-14 06:20,10.0,trim,reactive,10.0,10.0,top_press_avg,"hot_blast_temp,hot_blast_vol_nm3h,oxygen_flow",6.1
04-14 23:09,-10.0,trim,reactive,10.0,2.3,top_press_avg,coal_rate_actual_value,7.9
04-15 01:38,-5.0,trim,reactive,10.0,10.0,top_press_avg,-,7.9
04-15 06:04,-5.0,trim,coordinated,1.7,10.0,co_pct,hot_blast_temp,
04-15 14:06,50.0,large,reactive,10.0,10.0,top_press_avg,"coal_rate_actual_value,hot_blast_vol_nm3h,oxygen_flow",5.4
04-15 15:40,-25.0,large,reactive,10.0,10.0,top_press_avg,"coal_rate_actual_value,hot_blast_vol_nm3h,oxygen_flow",6.9
04-15 18:48,-10.0,trim,reactive,10.0,10.0,top_press_avg,coal_rate_actual_value,7.8
04-15 20:01,-10.0,trim,reactive,10.0,10.0,top_press_avg,"hot_blast_temp,oxygen_flow",7.8
04-16 02:56,-5.0,trim,reactive,10.0,8.4,body_raft,coal_rate_actual_value,4.2
04-16 14:47,6.0,trim,reactive,8.4,3.0,body_etaco,"coal_rate_actual_value,hot_blast_temp,oxygen_flow",7.8
04-16 17:23,-6.0,trim,coordinated,3.1,3.0,top_temp_avg,"coal_rate_actual_value,oxygen_flow",
04-17 03:06,-3.0,trim,coordinated,3.0,3.5,co_pct,"hot_blast_temp,oxygen_flow",
04-17 08:12,5.0,trim,reactive,3.5,3.4,h2_pct,"coal_rate_actual_value,hot_blast_temp",0.7
04-17 14:58,-2.0,trim,reactive,3.5,4.9,h2_pct,hot_blast_temp,7.5
04-17 21:11,-3.0,trim,reactive,4.5,5.1,runner_temp_cr_taphole,hot_blast_temp,0.7
04-18 06:19,3.0,trim,reactive,5.1,2.4,runner_temp_cr_taphole,"coal_rate_actual_value,hot_blast_temp",7.3
04-19 11:28,5.0,trim,reactive,10.0,9.7,hm_per_charge,"coal_rate_actual_value,hot_blast_temp,hot_blast_vol_nm3h,oxygen_flow",4.0
04-19 12:37,5.0,trim,reactive,10.0,9.7,hm_per_charge,"coal_rate_actual_value,hot_blast_temp,hot_blast_vol_nm3h,oxygen_flow",5.1
04-19 22:11,10.0,trim,reactive,9.7,5.7,hm_per_charge,"coal_rate_actual_value,hot_blast_temp,hot_blast_vol_nm3h",4.9
04-19 22:56,25.0,large,reactive,9.7,5.3,hm_per_charge,"coal_rate_actual_value,hot_blast_vol_nm3h",5.7
04-20 01:16,20.0,large,reactive,9.7,4.7,hm_per_charge,coal_rate_actual_value,7.8
04-22 16:36,-30.0,large,reactive,8.5,8.1,runner_temp_cr_taphole,-,6.4
04-22 18:07,-30.0,large,reactive,8.5,8.1,runner_temp_cr_taphole,-,7.9
04-23 10:17,-5.0,trim,unexplained,2.5,1.9,runner_temp_cr_taphole,-,
04-23 21:37,-5.0,trim,unexplained,2.0,2.6,body_perm,-,
04-26 15:02,3.0,trim,reactive,3.8,8.6,top_temp_avg,-,6.8
04-27 13:30,5.0,trim,reactive,5.3,2.7,runner_temp_cr_taphole,-,4.8
04-29 02:26,5.0,trim,reactive,4.5,10.0,top_press_avg,-,2.2
04-29 07:35,5.0,trim,reactive,10.0,3.5,body_raft,coal_rate_actual_value,1.6
04-29 11:17,-5.0,trim,reactive,10.0,3.4,body_raft,-,5.3
04-29 20:45,5.0,trim,reactive,3.4,5.3,top_press_avg,hot_blast_temp,3.3
04-30 14:01,5.0,trim,reactive,3.5,10.0,hot_blast_press,hot_blast_temp,7.5
04-30 18:09,5.0,trim,reactive,4.0,10.0,runner_temp_cr_taphole,hot_blast_temp,0.7
05-01 05:59,5.0,trim,reactive,10.0,10.0,runner_temp_cr_taphole,hot_blast_temp,8.0
05-01 13:57,-5.0,trim,reactive,10.0,7.3,runner_temp_cr_taphole,"coal_rate_actual_value,hot_blast_temp",8.0
05-02 20:21,-5.0,trim,reactive,10.0,10.0,runner_temp_cr_taphole,"hot_blast_temp,oxygen_flow",5.6
05-03 22:08,-3.0,trim,coordinated,3.0,10.0,h2_pct,"coal_rate_actual_value,hot_blast_temp,oxygen_flow",
05-04 09:00,8.0,trim,reactive,10.0,10.0,runner_temp_cr_taphole,"coal_rate_actual_value,hot_blast_temp,hot_blast_vol_nm3h,oxygen_flow",2.0
05-04 09:34,5.0,trim,reactive,10.0,10.0,runner_temp_cr_taphole,"coal_rate_actual_value,hot_blast_temp,hot_blast_vol_nm3h,oxygen_flow",2.6
05-04 13:19,-10.0,trim,reactive,10.0,10.0,runner_temp_cr_taphole,"coal_rate_actual_value,hot_blast_temp,hot_blast_vol_nm3h,oxygen_flow",6.3
05-04 14:05,-5.0,trim,reactive,10.0,10.0,runner_temp_cr_taphole,"coal_rate_actual_value,hot_blast_temp,hot_blast_vol_nm3h,oxygen_flow",7.1
05-06 06:39,5.0,trim,reactive,7.5,3.1,hot_blast_press,-,4.4
05-08 04:13,5.0,trim,reactive,6.4,6.8,co_pct,oxygen_flow,3.7
05-08 16:26,-5.0,trim,reactive,6.8,4.0,co_pct,"hot_blast_temp,hot_blast_vol_nm3h,oxygen_flow",6.9
05-09 03:42,5.0,trim,reactive,4.0,8.9,co_pct,"coal_rate_actual_value,oxygen_flow",6.2
05-09 22:26,-3.0,trim,reactive,10.0,2.8,body_raft,-,3.4
05-10 10:08,-2.0,trim,reactive,3.7,2.7,runner_temp_cr_taphole,hot_blast_temp,2.9
05-10 13:47,5.0,trim,reactive,3.7,2.4,runner_temp_cr_taphole,hot_blast_temp,6.5
05-10 23:08,5.0,trim,coordinated,2.4,10.0,co2_pct,coal_rate_actual_value,
05-11 02:23,5.0,trim,reactive,10.0,3.0,body_raft,coal_rate_actual_value,1.9
05-11 07:51,-5.0,trim,reactive,10.0,2.8,body_raft,"coal_rate_actual_value,hot_blast_vol_nm3h",7.4
05-13 00:22,5.0,trim,reactive,6.7,3.0,top_press_avg,-,4.1
05-13 08:27,-5.0,trim,coordinated,3.0,6.5,h2_pct,hot_blast_temp,
05-13 12:13,5.0,trim,reactive,6.5,10.0,body_dp_bottom,"hot_blast_temp,hot_blast_vol_nm3h",2.0
05-13 16:30,5.0,trim,reactive,6.5,10.0,body_dp_bottom,"coal_rate_actual_value,hot_blast_temp",6.3
05-16 07:52,-30.0,large,reactive,10.0,10.0,runner_temp_pci_taphole,-,7.9
05-17 13:30,-5.0,trim,reactive,10.0,7.9,runner_temp_pci_taphole,-,7.8
05-17 19:25,-5.0,trim,reactive,7.9,3.4,runner_temp_cr_skimmer,-,3.7
05-18 00:05,-5.0,trim,reactive,7.4,4.0,runner_temp_cr_skimmer,-,7.8
05-18 04:17,-5.0,trim,anticipatory?,2.7,10.0,runner_temp_cr_skimmer,-,
05-18 21:18,-5.0,trim,reactive,4.1,2.1,top_press_avg,-,7.8
05-19 15:40,-5.0,trim,anticipatory?,2.0,10.0,runner_temp_cr_skimmer,-,
05-20 11:32,-5.0,trim,anticipatory?,2.7,10.0,top_press_avg,-,
05-20 21:46,-2.0,trim,reactive,10.0,2.4,body_raft,-,7.8
05-20 22:41,-1.0,trim,unexplained,2.6,2.5,charges_per_hour,-,
05-21 03:38,5.0,trim,anticipatory?,2.4,3.3,runner_temp_cr_taphole,-,
05-21 16:48,-3.0,trim,reactive,3.3,3.9,runner_temp_cr_skimmer,-,6.6
05-22 15:06,4.0,trim,reactive,3.4,10.0,runner_temp_cr_skimmer,-,4.9
05-22 16:28,-4.0,trim,reactive,3.4,10.0,runner_temp_cr_skimmer,coal_rate_actual_value,6.2
05-22 18:57,-2.0,trim,reactive,10.0,4.0,hm_per_charge,-,2.5
05-24 03:37,5.0,trim,reactive,10.0,3.6,top_press_avg,"hot_blast_temp,hot_blast_vol_nm3h",7.9
05-24 12:49,-5.0,trim,reactive,3.6,10.0,tuyere_velocity,hot_blast_temp,7.8
05-24 18:22,5.0,trim,reactive,10.0,6.4,h2_pct,"coal_rate_actual_value,hot_blast_temp,hot_blast_vol_nm3h,oxygen_flow",1.1
05-24 21:15,5.0,trim,reactive,10.0,5.4,h2_pct,"hot_blast_temp,oxygen_flow",4.0
05-25 08:37,5.0,trim,reactive,6.0,5.7,hm_per_charge,coal_rate_actual_value,1.6
05-25 12:29,-5.0,trim,reactive,6.0,5.4,hm_per_charge,hot_blast_temp,5.5
05-26 12:00,-10.0,trim,anticipatory?,0.0,4.4,-,-,
05-26 14:07,3.0,trim,reactive,4.4,4.4,body_dp_top,coal_rate_actual_value,2.1
05-27 09:30,-105.0,large,reactive,4.2,4.3,body_dp_top,"coal_rate_actual_value,hot_blast_temp",2.0
05-27 09:52,105.0,large,reactive,4.2,4.3,body_dp_top,hot_blast_temp,2.4
05-28 06:13,5.0,trim,coordinated,2.8,2.8,body_raft,coal_rate_actual_value,
05-30 12:15,5.0,trim,reactive,3.3,3.1,top_press_avg,-,3.5
05-30 22:12,5.0,trim,anticipatory?,3.1,3.5,body_etaco,-,
05-31 03:10,5.0,trim,reactive,3.5,2.8,top_temp_avg,coal_rate_actual_value,2.7
06-01 09:10,-5.0,trim,reactive,3.5,4.1,body_dp_bottom,"coal_rate_actual_value,hot_blast_temp,hot_blast_vol_nm3h",6.4
06-01 14:00,-5.0,trim,reactive,3.6,3.0,body_dp_bottom,-,3.0
06-02 10:40,-3.0,trim,reactive,10.0,4.2,body_raft,-,7.2
06-03 11:35,-3.0,trim,coordinated,0.0,5.0,-,hot_blast_temp,
06-03 23:23,5.0,trim,reactive,5.0,4.8,co_pct,"hot_blast_temp,oxygen_flow",4.1
06-04 06:09,5.0,trim,reactive,4.8,5.3,co_pct,"hot_blast_temp,oxygen_flow",2.9
06-04 09:25,-5.0,trim,reactive,4.8,5.3,co_pct,"hot_blast_temp,oxygen_flow",6.2
06-04 19:52,-4.0,trim,reactive,5.3,5.9,tuyere_velocity,hot_blast_vol_nm3h,6.1
06-05 09:15,5.0,trim,reactive,5.6,6.8,hot_blast_press,"hot_blast_temp,hot_blast_vol_nm3h,oxygen_flow",4.5
06-05 15:50,5.0,trim,reactive,6.8,6.8,top_press_avg,-,1.1
06-06 02:31,-5.0,trim,reactive,6.8,6.8,top_press_avg,coal_rate_actual_value,6.3
06-06 10:53,5.0,trim,reactive,6.8,8.1,top_press_avg,coal_rate_actual_value,4.6
06-07 18:06,-5.0,trim,reactive,6.2,4.6,tuyere_velocity,"coal_rate_actual_value,hot_blast_temp,oxygen_flow",3.1
06-08 20:48,-3.0,trim,coordinated,2.9,3.5,body_etaco,hot_blast_temp,
06-09 05:09,5.0,trim,reactive,3.5,3.6,hot_blast_press,-,1.9
06-09 06:48,3.0,trim,reactive,3.5,3.6,hot_blast_press,hot_blast_temp,3.6
06-11 09:40,5.0,trim,reactive,7.3,4.6,hot_blast_press,"coal_rate_actual_value,hot_blast_temp",7.2
06-12 08:08,5.0,trim,reactive,5.1,4.1,runner_temp_cr_taphole,-,7.1
06-12 17:33,5.0,trim,reactive,4.1,4.0,top_press_avg,hot_blast_temp,3.6
06-13 19:11,-3.0,trim,reactive,6.8,6.8,top_press_avg,"hot_blast_temp,hot_blast_vol_nm3h",1.7
06-14 06:40,-3.0,trim,reactive,6.8,6.8,top_press_avg,-,1.4
06-14 13:35,-4.0,trim,reactive,6.8,3.4,top_press_avg,hot_blast_temp,4.6
06-14 19:46,-2.0,trim,reactive,4.0,2.7,top_press_avg,-,7.8
06-15 04:16,-3.0,trim,coordinated,2.7,2.7,tuyere_velocity,hot_blast_temp,
06-15 05:55,-3.0,trim,unexplained,2.7,3.2,tuyere_velocity,-,
06-15 18:19,3.0,trim,coordinated,3.2,2.7,body_raft,"coal_rate_actual_value,hot_blast_temp",
06-16 08:02,-3.0,trim,coordinated,2.7,3.0,charges_per_hour,coal_rate_actual_value,
06-16 12:20,3.0,trim,coordinated,2.7,6.9,charges_per_hour,hot_blast_temp,
06-16 18:49,85.0,large,reactive,5.5,6.9,hot_blast_press,"coal_rate_actual_value,hot_blast_vol_nm3h,oxygen_flow",0.8
06-17 01:06,-40.0,large,reactive,6.9,4.2,h2_pct,"coal_rate_actual_value,oxygen_flow",5.1
06-17 02:46,-20.0,large,reactive,6.9,4.2,h2_pct,"coal_rate_actual_value,oxygen_flow",6.8
06-17 05:20,-20.0,large,reactive,6.2,4.2,h2_pct,"coal_rate_actual_value,hot_blast_temp,oxygen_flow",5.8
06-17 09:11,-5.0,trim,reactive,4.2,10.0,tuyere_velocity,"coal_rate_actual_value,hot_blast_temp",2.4
06-18 16:21,10.0,trim,reactive,4.2,10.0,runner_temp_cr_taphole,hot_blast_temp,1.1
06-18 21:54,-5.0,trim,reactive,4.2,3.5,runner_temp_cr_taphole,"coal_rate_actual_value,hot_blast_temp",6.7
06-22 13:06,-5.0,trim,coordinated,2.4,2.7,body_etaco,hot_blast_temp,
06-24 13:58,-160.0,large,reactive,10.0,6.6,body_dp_total,"coal_rate_actual_value,hot_blast_temp,oxygen_flow",8.0
06-24 15:14,-65.0,large,reactive,10.0,6.6,body_dp_total,"coal_rate_actual_value,hot_blast_temp,oxygen_flow",8.0
06-24 17:56,-30.0,large,reactive,10.0,3.1,body_dp_total,coal_rate_actual_value,7.9
06-24 22:20,-5.0,trim,reactive,6.6,3.1,hm_per_charge,-,7.8
06-25 16:04,-3.0,trim,reactive,7.2,2.6,runner_temp_cr_skimmer,-,7.1
06-25 22:35,-2.0,trim,anticipatory?,2.6,5.0,tuyere_velocity,-,
06-26 15:12,-2.0,trim,reactive,6.0,4.3,hm_per_charge,oxygen_flow,6.5
06-27 17:28,3.0,trim,reactive,3.3,2.5,top_temp_avg,-,8.0
06-27 22:50,4.0,trim,unexplained,2.5,2.3,top_temp_avg,-,
06-28 11:01,-3.0,trim,anticipatory?,2.9,3.6,body_dp_top,-,
06-28 16:54,-2.0,trim,reactive,3.6,6.6,body_dp_total,-,2.7
06-28 21:46,-2.0,trim,reactive,3.6,6.6,body_dp_total,-,7.5
06-29 06:29,5.0,trim,reactive,6.6,10.0,top_press_avg,hot_blast_temp,6.0
06-29 13:29,-3.0,trim,reactive,10.0,2.3,body_raft,-,6.5
06-30 09:38,5.0,trim,reactive,3.5,4.2,runner_temp_cr_taphole,coal_rate_actual_value,1.1
06-30 10:51,-5.0,trim,reactive,3.5,4.2,runner_temp_cr_taphole,-,1.6
06-30 14:03,-3.0,trim,reactive,4.1,4.2,runner_temp_cr_taphole,hot_blast_temp,1.3
06-30 19:01,-2.0,trim,reactive,4.2,5.6,runner_temp_cr_taphole,"coal_rate_actual_value,hot_blast_vol_nm3h",2.5
07-04 03:41,-30.0,large,reactive,10.0,10.0,runner_temp_pci_taphole,-,7.9
07-04 05:46,-20.0,large,reactive,10.0,10.0,runner_temp_pci_taphole,-,7.8
07-04 08:04,-10.0,trim,reactive,10.0,10.0,runner_temp_pci_taphole,-,7.8
07-04 20:25,5.0,trim,reactive,10.0,10.0,runner_temp_pci_taphole,-,7.9
07-05 18:15,-5.0,trim,anticipatory?,2.7,6.4,h2_pct,-,
07-05 21:33,-5.0,trim,anticipatory?,2.7,6.4,h2_pct,-,
07-09 21:13,-80.0,large,reactive,10.0,3.5,runner_temp_cr_skimmer,-,7.2
07-10 02:32,-30.0,large,reactive,3.5,3.6,runner_temp_pci_skimmer,-,4.8
07-10 05:37,-20.0,large,reactive,3.5,10.0,runner_temp_pci_skimmer,-,7.9
07-11 07:13,-10.0,trim,anticipatory?,2.7,4.9,body_raft,-,
07-11 12:07,-5.0,trim,anticipatory?,2.1,6.2,runner_temp_cr_taphole,-,
07-12 01:26,-3.0,trim,reactive,6.2,10.0,runner_temp_cr_taphole,-,5.4
07-15 01:14,5.0,trim,unexplained,2.4,1.9,tuyere_velocity,-,
07-16 01:14,-3.0,trim,reactive,10.0,4.6,runner_temp_cr_taphole,hot_blast_vol_nm3h,8.0
07-16 09:28,3.0,trim,reactive,4.6,6.1,runner_temp_cr_taphole,-,7.5
07-16 17:52,3.0,trim,reactive,6.1,9.2,runner_temp_cr_taphole,oxygen_flow,1.4
07-18 01:55,5.0,trim,coordinated,2.8,10.0,hot_blast_press,"hot_blast_temp,oxygen_flow",
07-18 04:20,-5.0,trim,reactive,3.7,10.0,h2_pct,"coal_rate_actual_value,hot_blast_temp,hot_blast_vol_nm3h,oxygen_flow",0.6
07-18 14:17,5.0,trim,reactive,10.0,6.2,body_etaco,hot_blast_vol_nm3h,3.5
07-19 01:03,5.0,trim,reactive,4.8,6.0,runner_temp_cr_skimmer,-,0.6
07-20 10:07,5.0,trim,reactive,10.0,5.1,body_raft,-,3.1
07-21 13:33,10.0,trim,reactive,4.8,6.2,runner_temp_cr_taphole,-,6.6
07-25 13:03,-3.0,trim,reactive,3.7,3.4,co_pct,"hot_blast_temp,oxygen_flow",2.1
07-27 16:16,-3.0,trim,reactive,6.7,10.0,tuyere_velocity,"coal_rate_actual_value,hot_blast_temp,hot_blast_vol_nm3h",1.8
07-28 13:47,-2.0,trim,reactive,3.8,10.0,tuyere_velocity,-,6.3
07-30 22:56,3.0,trim,reactive,3.2,3.5,h2_pct,-,5.7
07-31 02:03,5.0,trim,anticipatory?,2.8,3.5,h2_pct,-,
07-31 08:30,10.0,trim,reactive,3.5,3.5,body_dp_bottom,"coal_rate_actual_value,oxygen_flow",5.3
08-01 09:10,-5.0,trim,reactive,4.0,3.1,body_raft,"hot_blast_temp,oxygen_flow",4.7
08-01 17:32,-5.0,trim,anticipatory?,3.1,10.0,runner_temp_cr_taphole,-,
08-03 07:55,-3.0,trim,reactive,4.5,10.0,top_press_avg,-,6.7
08-03 18:49,-4.0,trim,reactive,4.4,2.4,hm_per_charge,"coal_rate_actual_value,oxygen_flow",4.8
08-04 01:22,-5.0,trim,coordinated,2.9,9.3,body_raft,"hot_blast_temp,oxygen_flow",
08-04 08:57,-3.0,trim,reactive,3.8,10.0,tuyere_velocity,"hot_blast_vol_nm3h,oxygen_flow",3.0
08-04 22:34,5.0,trim,reactive,4.6,4.3,body_dp_bottom,"coal_rate_actual_value,hot_blast_vol_nm3h",2.3
08-05 07:30,-3.0,trim,reactive,4.3,10.0,tuyere_velocity,hot_blast_temp,4.3
08-05 16:01,5.0,trim,reactive,10.0,10.0,hm_per_charge,"hot_blast_vol_nm3h,oxygen_flow",7.0
08-08 05:54,50.0,large,reactive,4.3,8.1,hot_blast_press,-,1.7
08-08 16:28,-30.0,large,reactive,8.1,4.0,hm_per_charge,coal_rate_actual_value,4.5
08-08 19:41,-20.0,large,reactive,8.1,4.0,hm_per_charge,"coal_rate_actual_value,hot_blast_temp,hot_blast_vol_nm3h",7.7
08-09 14:50,5.0,trim,reactive,6.5,3.2,hot_blast_press,"coal_rate_actual_value,hot_blast_temp,hot_blast_vol_nm3h",7.6
08-09 20:52,6.0,trim,reactive,5.9,3.4,hm_per_charge,-,7.9
08-10 07:25,10.0,trim,reactive,10.0,10.0,hm_per_charge,"coal_rate_actual_value,hot_blast_temp,hot_blast_vol_nm3h",2.4
08-10 07:58,50.0,large,reactive,10.0,10.0,hm_per_charge,"coal_rate_actual_value,oxygen_flow",3.0
08-10 14:25,-40.0,large,reactive,10.0,3.1,hm_per_charge,"coal_rate_actual_value,hot_blast_temp,hot_blast_vol_nm3h,oxygen_flow",7.9
08-10 17:06,-10.0,trim,reactive,10.0,2.8,hm_per_charge,"coal_rate_actual_value,hot_blast_temp,hot_blast_vol_nm3h,oxygen_flow",7.9
08-12 10:08,-5.0,trim,reactive,10.0,2.7,hm_per_charge,"hot_blast_temp,oxygen_flow",6.1
08-12 14:10,-5.0,trim,coordinated,2.7,2.9,runner_temp_cr_taphole,"hot_blast_temp,oxygen_flow",
08-12 21:26,-5.0,trim,coordinated,2.6,6.4,top_temp_avg,hot_blast_temp,
08-13 03:10,-5.0,trim,reactive,3.2,6.4,body_dp_bottom,"hot_blast_temp,hot_blast_vol_nm3h",1.7
08-13 08:22,-5.0,trim,reactive,6.4,2.8,hm_per_charge,hot_blast_temp,4.4
08-15 11:11,3.0,trim,reactive,10.0,4.5,hm_per_charge,-,6.4
08-15 16:57,10.0,trim,reactive,10.0,3.4,hm_per_charge,hot_blast_temp,7.7
08-16 05:29,2.0,trim,reactive,10.0,10.0,hm_per_charge,-,1.5
08-17 06:17,-5.0,trim,reactive,6.7,3.2,hm_per_charge,"hot_blast_temp,oxygen_flow",2.3
08-20 00:09,-3.0,trim,coordinated,2.9,3.4,co_pct,hot_blast_temp,
08-20 06:19,-3.0,trim,reactive,3.4,10.0,body_dp_bottom,hot_blast_temp,2.6
08-21 09:46,5.0,trim,reactive,3.9,3.6,tuyere_velocity,-,2.8
08-21 12:56,-5.0,trim,reactive,3.9,4.1,tuyere_velocity,"hot_blast_temp,hot_blast_vol_nm3h",5.9
08-21 23:42,-3.0,trim,reactive,4.1,3.1,hot_blast_press,hot_blast_temp,4.7
08-23 17:06,4.0,trim,reactive,4.1,8.5,body_raft,-,3.1
08-24 12:42,-3.0,trim,reactive,10.0,5.8,hm_per_charge,"hot_blast_temp,oxygen_flow",1.7
08-27 23:43,-10.0,trim,reactive,10.0,10.0,runner_temp_pci_taphole,-,8.0
08-28 05:05,-5.0,trim,reactive,10.0,10.0,runner_temp_pci_taphole,-,7.8
08-28 09:35,-5.0,trim,reactive,10.0,10.0,runner_temp_pci_taphole,-,7.8
08-28 13:56,-5.0,trim,reactive,10.0,4.5,runner_temp_pci_taphole,-,7.9
